Sl No,Category,Item Code,Item Name,Quantity,Department,Address,Contact Name,Phone,Latitude,Longitude,District
1,Tactical,332,Crow Bar,3 Nos,YASHWANTHAPURA Fire Station,"Yeshwanthapur fire  station APMC Yard, Bengaluru",Rambhadraiah H,9611182268 / 08022971544,13.0225913,77.5499861,Bengaluru
2,Tactical,117,Sledge Hammer,2 Nos,YASHWANTHAPURA Fire Station,"Yeshwanthapur fire  station APMC Yard, Bengaluru",Rambhadraiah H,9611182268 / 08022971544,13.0225913,77.5499861,Bengaluru
3,Tactical,103,Bolt Cutters ( Shears ),2 Nos,YASHWANTHAPURA Fire Station,"Yeshwanthapur fire  station APMC Yard, Bengaluru",Rambhadraiah H,9611182268 / 08022971544,13.0225913,77.5499861,Bengaluru
4,Tactical,389,Gum Boots,40 Nos,Rajajinagara Fire  station,"Rajajinagara Fire  Station, 1st main road, West of  chord road, Bangaluru",Srikanth  Vatara,6363220035 / 08022971543,12.980627,77.548456,Bengaluru
16,Tactical,159,Inflatable Boat (12 Persons),3 Nos,Rajajinagara Fire  station,"Rajajinagara Fire  Station, 1st main road, West of  chord road, Bangaluru",Srikanth  Vatara,6363220035 / 08022971543,12.980627,77.548456,Bengaluru
17,Tactical,156,Life Jackets,10 Nos,Rajajinagara Fire  station,"Rajajinagara Fire  Station, 1st main road, West of  chord road, Bangaluru",Srikanth  Vatara,6363220035 / 08022971543,12.980627,77.548456,Bengaluru
18,Tactical,155,Lifebuoy,10 Nos,Rajajinagara Fire  station,"Rajajinagara Fire  Station, 1st main road, West of  chord road, Bangaluru",Srikanth  Vatara,6363220035 / 08022971543,12.980627,77.548456,Bengaluru
19,Tactical,360,Hose/Hose Fitting,43 Nos,Rajajinagara Fire  station,"Rajajinagara Fire  Station, 1st main road, West of  chord road, Bangaluru",Srikanth  Vatara,6363220035 / 08022971543,12.980627,77.548456,Bengaluru
20,Tactical,357,Rope,14 Nos,Rajajinagara Fire  station,"Rajajinagara Fire  Station, 1st main road, West of  chord road, Bangaluru",Srikanth  Vatara,6363220035 / 08022971543,12.980627,77.548456,Bengaluru
21,Tactical,356,B.A.Set,11 Nos,Rajajinagara Fire  station,"Rajajinagara Fire  Station, 1st main road, West of  chord road, Bangaluru",Srikanth  Vatara,6363220035 / 08022971543,12.980627,77.548456,Bengaluru
22,Tactical,341,Ceiling Hook,1 Nos,Rajajinagara Fire  station,"Rajajinagara Fire  Station, 1st main road, West of  chord road, Bangaluru",Srikanth  Vatara,6363220035 / 08022971543,12.980627,77.548456,Bengaluru
23,Tactical,341,Ceiling Hook,1 Nos,Rajajinagara Fire  station,"Rajajinagara Fire  Station, 1st main road, West of  chord road, Bangaluru",Srikanth  Vatara,6363220035 / 08022971543,12.980627,77.548456,Bengaluru
24,Tactical,338,Door Breaker,1 Nos,Rajajinagara Fire  station,"Rajajinagara Fire  Station, 1st main road, West of  chord road, Bangaluru",Srikanth  Vatara,6363220035 / 08022971543,12.980627,77.548456,Bengaluru
25,Tactical,337,Axe,2 Nos,Rajajinagara Fire  station,"Rajajinagara Fire  Station, 1st main road, West of  chord road, Bangaluru",Srikanth  Vatara,6363220035 / 08022971543,12.980627,77.548456,Bengaluru
26,Tactical,334,Helmet,40 Nos,Rajajinagara Fire  station,"Rajajinagara Fire  Station, 1st main road, West of  chord road, Bangaluru",Srikanth  Vatara,6363220035 / 08022971543,12.980627,77.548456,Bengaluru
27,Tactical,332,Crow Bar,17 Nos,Rajajinagara Fire  station,"Rajajinagara Fire  Station, 1st main road, West of  chord road, Bangaluru",Srikanth  Vatara,6363220035 / 08022971543,12.980627,77.548456,Bengaluru
28,Tactical,330,Shovel,11 Nos,Rajajinagara Fire  station,"Rajajinagara Fire  Station, 1st main road, West of  chord road, Bangaluru",Srikanth  Vatara,6363220035 / 08022971543,12.980627,77.548456,Bengaluru
29,Tactical,117,Sledge Hammer,4 Nos,Rajajinagara Fire  station,"Rajajinagara Fire  Station, 1st main road, West of  chord road, Bangaluru",Srikanth  Vatara,6363220035 / 08022971543,12.980627,77.548456,Bengaluru
30,Tactical,115,Jack With 5 Ton Lift,3 Nos,Rajajinagara Fire  station,"Rajajinagara Fire  Station, 1st main road, West of  chord road, Bangaluru",Srikanth  Vatara,6363220035 / 08022971543,12.980627,77.548456,Bengaluru
31,Tactical,107,Chain Saw Diamond,3 Nos,Rajajinagara Fire  station,"Rajajinagara Fire  Station, 1st main road, West of  chord road, Bangaluru",Srikanth  Vatara,6363220035 / 08022971543,12.980627,77.548456,Bengaluru
32,Tactical,103,Bolt Cutters ( Shears ),4 Nos,Rajajinagara Fire  station,"Rajajinagara Fire  Station, 1st main road, West of  chord road, Bangaluru",Srikanth  Vatara,6363220035 / 08022971543,12.980627,77.548456,Bengaluru
33,Tactical,389,Gum Boots,6 Nos,BAGALURU  CROSS FIRE STATION,"BAGALURU  CROSS FIRE STATION NITTE  MEENAKSHI COLLEGE ROAD,  ODEYARAPURA, BAGALURU  CROSS, YELAHANKA",Anjunath  mukanavar,7353702669 / 08029733407,13.1223724998,77.605692928425,Bengaluru
34,Tactical,369,Hand Gloves,20 Nos,BAGALURU  CROSS FIRE STATION,"BAGALURU  CROSS FIRE STATION NITTE  MEENAKSHI COLLEGE ROAD,  ODEYARAPURA, BAGALURU  CROSS, YELAHANKA",Anjunath  mukanavar,7353702669 / 08029733407,13.1223724998,77.605692928425,Bengaluru
47,Tactical,159,Inflatable Boat (12 Persons),1 Nos,BAGALURU  CROSS FIRE STATION,"BAGALURU  CROSS FIRE STATION NITTE  MEENAKSHI COLLEGE ROAD,  ODEYARAPURA, BAGALURU  CROSS, YELAHANKA",Anjunath  mukanavar,7353702669 / 08029733407,13.1223724998,77.605692928425,Bengaluru
48,Tactical,156,Life Jackets,8 Nos,BAGALURU  CROSS FIRE STATION,"BAGALURU  CROSS FIRE STATION NITTE  MEENAKSHI COLLEGE ROAD,  ODEYARAPURA, BAGALURU  CROSS, YELAHANKA",Anjunath  mukanavar,7353702669 / 08029733407,13.1223724998,77.605692928425,Bengaluru
49,Tactical,155,Lifebuoy,12 Nos,BAGALURU  CROSS FIRE STATION,"BAGALURU  CROSS FIRE STATION NITTE  MEENAKSHI COLLEGE ROAD,  ODEYARAPURA, BAGALURU  CROSS, YELAHANKA",Anjunath  mukanavar,7353702669 / 08029733407,13.1223724998,77.605692928425,Bengaluru
50,Tactical,360,Hose/Hose Fitting,171 Nos,BAGALURU  CROSS FIRE STATION,"BAGALURU  CROSS FIRE STATION NITTE  MEENAKSHI COLLEGE ROAD,  ODEYARAPURA, BAGALURU  CROSS, YELAHANKA",Anjunath  mukanavar,7353702669 / 08029733407,13.1223724998,77.605692928425,Bengaluru
51,Tactical,357,Rope,11 Nos,BAGALURU  CROSS FIRE STATION,"BAGALURU  CROSS FIRE STATION NITTE  MEENAKSHI COLLEGE ROAD,  ODEYARAPURA, BAGALURU  CROSS, YELAHANKA",Anjunath  mukanavar,7353702669 / 08029733407,13.1223724998,77.605692928425,Bengaluru
52,Tactical,356,B.A.Set,5 Nos,BAGALURU  CROSS FIRE STATION,"BAGALURU  CROSS FIRE STATION NITTE  MEENAKSHI COLLEGE ROAD,  ODEYARAPURA, BAGALURU  CROSS, YELAHANKA",Anjunath  mukanavar,7353702669 / 08029733407,13.1223724998,77.605692928425,Bengaluru
53,Tactical,336,Pick Axe,4 Nos,BAGALURU  CROSS FIRE STATION,"BAGALURU  CROSS FIRE STATION NITTE  MEENAKSHI COLLEGE ROAD,  ODEYARAPURA, BAGALURU  CROSS, YELAHANKA",Anjunath  mukanavar,7353702669 / 08029733407,13.1223724998,77.605692928425,Bengaluru
54,Tactical,334,Helmet,35 Nos,BAGALURU  CROSS FIRE STATION,"BAGALURU  CROSS FIRE STATION NITTE  MEENAKSHI COLLEGE ROAD,  ODEYARAPURA, BAGALURU  CROSS, YELAHANKA",Anjunath  mukanavar,7353702669 / 08029733407,13.1223724998,77.605692928425,Bengaluru
55,Tactical,332,Crow Bar,3 Nos,BAGALURU  CROSS FIRE STATION,"BAGALURU  CROSS FIRE STATION NITTE  MEENAKSHI COLLEGE ROAD,  ODEYARAPURA, BAGALURU  CROSS, YELAHANKA",Anjunath  mukanavar,7353702669 / 08029733407,13.1223724998,77.605692928425,Bengaluru
56,Tactical,330,Shovel,2 Nos,BAGALURU  CROSS FIRE STATION,"BAGALURU  CROSS FIRE STATION NITTE  MEENAKSHI COLLEGE ROAD,  ODEYARAPURA, BAGALURU  CROSS, YELAHANKA",Anjunath  mukanavar,7353702669 / 08029733407,13.1223724998,77.605692928425,Bengaluru
57,Tactical,117,Sledge Hammer,1 Nos,BAGALURU  CROSS FIRE STATION,"BAGALURU  CROSS FIRE STATION NITTE  MEENAKSHI COLLEGE ROAD,  ODEYARAPURA, BAGALURU  CROSS, YELAHANKA",Anjunath  mukanavar,7353702669 / 08029733407,13.1223724998,77.605692928425,Bengaluru
58,Tactical,115,Jack With 5 Ton Lift,1 Nos,BAGALURU  CROSS FIRE STATION,"BAGALURU  CROSS FIRE STATION NITTE  MEENAKSHI COLLEGE ROAD,  ODEYARAPURA, BAGALURU  CROSS, YELAHANKA",Anjunath  mukanavar,7353702669 / 08029733407,13.1223724998,77.605692928425,Bengaluru
59,Tactical,107,Chain Saw Diamond,1 Nos,BAGALURU  CROSS FIRE STATION,"BAGALURU  CROSS FIRE STATION NITTE  MEENAKSHI COLLEGE ROAD,  ODEYARAPURA, BAGALURU  CROSS, YELAHANKA",Anjunath  mukanavar,7353702669 / 08029733407,13.1223724998,77.605692928425,Bengaluru
60,Tactical,103,Bolt Cutters ( Shears ),15 Nos,BAGALURU  CROSS FIRE STATION,"BAGALURU  CROSS FIRE STATION NITTE  MEENAKSHI COLLEGE ROAD,  ODEYARAPURA, BAGALURU  CROSS, YELAHANKA",Anjunath  mukanavar,7353702669 / 08029733407,13.1223724998,77.605692928425,Bengaluru
61,Tactical,389,Gum Boots,33 Nos,HIGHGROUND  FIRE STATION,"HIGHGROUND  FIRE STATION, SHESHADRI  ROAD, NEAR FREEDOM PARK,  BANGALORE",Santhosha H  S,8197935936 / 08022971574,12.980426,77.581512,Bengaluru
62,Tactical,369,Hand Gloves,10 Nos,HIGHGROUND  FIRE STATION,"HIGHGROUND  FIRE STATION, SHESHADRI  ROAD, NEAR FREEDOM PARK,  BANGALORE",Santhosha H  S,8197935936 / 08022971574,12.980426,77.581512,Bengaluru
72,Tactical,159,Inflatable Boat (12 Persons),1 Nos,HIGHGROUND  FIRE STATION,"HIGHGROUND  FIRE STATION, SHESHADRI  ROAD, NEAR FREEDOM PARK,  BANGALORE",Santhosha H  S,8197935936 / 08022971574,12.980426,77.581512,Bengaluru
73,Tactical,156,Life Jackets,6 Nos,HIGHGROUND  FIRE STATION,"HIGHGROUND  FIRE STATION, SHESHADRI  ROAD, NEAR FREEDOM PARK,  BANGALORE",Santhosha H  S,8197935936 / 08022971574,12.980426,77.581512,Bengaluru
74,Tactical,155,Lifebuoy,6 Nos,HIGHGROUND  FIRE STATION,"HIGHGROUND  FIRE STATION, SHESHADRI  ROAD, NEAR FREEDOM PARK,  BANGALORE",Santhosha H  S,8197935936 / 08022971574,12.980426,77.581512,Bengaluru
75,Tactical,140,Search Light,2 Nos,HIGHGROUND  FIRE STATION,"HIGHGROUND  FIRE STATION, SHESHADRI  ROAD, NEAR FREEDOM PARK,  BANGALORE",Santhosha H  S,8197935936 / 08022971574,12.980426,77.581512,Bengaluru
76,Tactical,360,Hose/Hose Fitting,59 Nos,HIGHGROUND  FIRE STATION,"HIGHGROUND  FIRE STATION, SHESHADRI  ROAD, NEAR FREEDOM PARK,  BANGALORE",Santhosha H  S,8197935936 / 08022971574,12.980426,77.581512,Bengaluru
77,Tactical,357,Rope,7 Nos,HIGHGROUND  FIRE STATION,"HIGHGROUND  FIRE STATION, SHESHADRI  ROAD, NEAR FREEDOM PARK,  BANGALORE",Santhosha H  S,8197935936 / 08022971574,12.980426,77.581512,Bengaluru
78,Tactical,356,B.A.Set,31 Nos,HIGHGROUND  FIRE STATION,"HIGHGROUND  FIRE STATION, SHESHADRI  ROAD, NEAR FREEDOM PARK,  BANGALORE",Santhosha H  S,8197935936 / 08022971574,12.980426,77.581512,Bengaluru
79,Tactical,341,Ceiling Hook,1 Nos,HIGHGROUND  FIRE STATION,"HIGHGROUND  FIRE STATION, SHESHADRI  ROAD, NEAR FREEDOM PARK,  BANGALORE",Santhosha H  S,8197935936 / 08022971574,12.980426,77.581512,Bengaluru
80,Tactical,338,Door Breaker,1 Nos,HIGHGROUND  FIRE STATION,"HIGHGROUND  FIRE STATION, SHESHADRI  ROAD, NEAR FREEDOM PARK,  BANGALORE",Santhosha H  S,8197935936 / 08022971574,12.980426,77.581512,Bengaluru
81,Tactical,337,Axe,7 Nos,HIGHGROUND  FIRE STATION,"HIGHGROUND  FIRE STATION, SHESHADRI  ROAD, NEAR FREEDOM PARK,  BANGALORE",Santhosha H  S,8197935936 / 08022971574,12.980426,77.581512,Bengaluru
82,Tactical,336,Pick Axe,1 Nos,HIGHGROUND  FIRE STATION,"HIGHGROUND  FIRE STATION, SHESHADRI  ROAD, NEAR FREEDOM PARK,  BANGALORE",Santhosha H  S,8197935936 / 08022971574,12.980426,77.581512,Bengaluru
83,Tactical,334,Helmet,33 Nos,HIGHGROUND  FIRE STATION,"HIGHGROUND  FIRE STATION, SHESHADRI  ROAD, NEAR FREEDOM PARK,  BANGALORE",Santhosha H  S,8197935936 / 08022971574,12.980426,77.581512,Bengaluru
84,Tactical,332,Crow Bar,2 Nos,HIGHGROUND  FIRE STATION,"HIGHGROUND  FIRE STATION, SHESHADRI  ROAD, NEAR FREEDOM PARK,  BANGALORE",Santhosha H  S,8197935936 / 08022971574,12.980426,77.581512,Bengaluru
85,Tactical,330,Shovel,1 Nos,HIGHGROUND  FIRE STATION,"HIGHGROUND  FIRE STATION, SHESHADRI  ROAD, NEAR FREEDOM PARK,  BANGALORE",Santhosha H  S,8197935936 / 08022971574,12.980426,77.581512,Bengaluru
86,Tactical,117,Sledge Hammer,1 Nos,HIGHGROUND  FIRE STATION,"HIGHGROUND  FIRE STATION, SHESHADRI  ROAD, NEAR FREEDOM PARK,  BANGALORE",Santhosha H  S,8197935936 / 08022971574,12.980426,77.581512,Bengaluru
87,Tactical,115,Jack With 5 Ton Lift,2 Nos,HIGHGROUND  FIRE STATION,"HIGHGROUND  FIRE STATION, SHESHADRI  ROAD, NEAR FREEDOM PARK,  BANGALORE",Santhosha H  S,8197935936 / 08022971574,12.980426,77.581512,Bengaluru
88,Tactical,107,Chain Saw Diamond,2 Nos,HIGHGROUND  FIRE STATION,"HIGHGROUND  FIRE STATION, SHESHADRI  ROAD, NEAR FREEDOM PARK,  BANGALORE",Santhosha H  S,8197935936 / 08022971574,12.980426,77.581512,Bengaluru
89,Tactical,103,Bolt Cutters ( Shears ),6 Nos,HIGHGROUND  FIRE STATION,"HIGHGROUND  FIRE STATION, SHESHADRI  ROAD, NEAR FREEDOM PARK,  BANGALORE",Santhosha H  S,8197935936 / 08022971574,12.980426,77.581512,Bengaluru
90,Tactical,389,Gum Boots,34 Nos,BANASAWADI  FIRE STATION,"BANASAWADI  FIRE STATION BANASAWADI  FIRE STATION, OPP HP PETROL  BUNK, DODDA BANASAWADI  MAIN ROAD , BANASAWADI  BANGALORE",Anjani,9972974846 / 08022971540,13.011407,77.6460582,Bengaluru
91,Tactical,369,Hand Gloves,26 Nos,BANASAWADI  FIRE STATION,"BANASAWADI  FIRE STATION BANASAWADI  FIRE STATION, OPP HP PETROL  BUNK, DODDA BANASAWADI  MAIN ROAD , BANASAWADI  BANGALORE",Anjani,9972974846 / 08022971540,13.011407,77.6460582,Bengaluru
106,Tactical,159,Inflatable Boat (12 Persons),1 Nos,BANASAWADI  FIRE STATION,"BANASAWADI  FIRE STATION BANASAWADI  FIRE STATION, OPP HP PETROL  BUNK, DODDA BANASAWADI  MAIN ROAD , BANASAWADI  BANGALORE",Anjani,9972974846 / 08022971540,13.011407,77.6460582,Bengaluru
107,Tactical,156,Life Jackets,22 Nos,BANASAWADI  FIRE STATION,"BANASAWADI  FIRE STATION BANASAWADI  FIRE STATION, OPP HP PETROL  BUNK, DODDA BANASAWADI  MAIN ROAD , BANASAWADI  BANGALORE",Anjani,9972974846 / 08022971540,13.011407,77.6460582,Bengaluru
108,Tactical,155,Lifebuoy,14 Nos,BANASAWADI  FIRE STATION,"BANASAWADI  FIRE STATION BANASAWADI  FIRE STATION, OPP HP PETROL  BUNK, DODDA BANASAWADI  MAIN ROAD , BANASAWADI  BANGALORE",Anjani,9972974846 / 08022971540,13.011407,77.6460582,Bengaluru
109,Tactical,360,Hose/Hose Fitting,209 Nos,BANASAWADI  FIRE STATION,"BANASAWADI  FIRE STATION BANASAWADI  FIRE STATION, OPP HP PETROL  BUNK, DODDA BANASAWADI  MAIN ROAD , BANASAWADI  BANGALORE",Anjani,9972974846 / 08022971540,13.011407,77.6460582,Bengaluru
110,Tactical,357,Rope,8 Nos,BANASAWADI  FIRE STATION,"BANASAWADI  FIRE STATION BANASAWADI  FIRE STATION, OPP HP PETROL  BUNK, DODDA BANASAWADI  MAIN ROAD , BANASAWADI  BANGALORE",Anjani,9972974846 / 08022971540,13.011407,77.6460582,Bengaluru
111,Tactical,356,B.A.Set,5 Nos,BANASAWADI  FIRE STATION,"BANASAWADI  FIRE STATION BANASAWADI  FIRE STATION, OPP HP PETROL  BUNK, DODDA BANASAWADI  MAIN ROAD , BANASAWADI  BANGALORE",Anjani,9972974846 / 08022971540,13.011407,77.6460582,Bengaluru
112,Tactical,336,Pick Axe,4 Nos,BANASAWADI  FIRE STATION,"BANASAWADI  FIRE STATION BANASAWADI  FIRE STATION, OPP HP PETROL  BUNK, DODDA BANASAWADI  MAIN ROAD , BANASAWADI  BANGALORE",Anjani,9972974846 / 08022971540,13.011407,77.6460582,Bengaluru
113,Tactical,334,Helmet,34 Nos,BANASAWADI  FIRE STATION,"BANASAWADI  FIRE STATION BANASAWADI  FIRE STATION, OPP HP PETROL  BUNK, DODDA BANASAWADI  MAIN ROAD , BANASAWADI  BANGALORE",Anjani,9972974846 / 08022971540,13.011407,77.6460582,Bengaluru
114,Tactical,332,Crow Bar,3 Nos,BANASAWADI  FIRE STATION,"BANASAWADI  FIRE STATION BANASAWADI  FIRE STATION, OPP HP PETROL  BUNK, DODDA BANASAWADI  MAIN ROAD , BANASAWADI  BANGALORE",Anjani,9972974846 / 08022971540,13.011407,77.6460582,Bengaluru
115,Tactical,330,Shovel,2 Nos,BANASAWADI  FIRE STATION,"BANASAWADI  FIRE STATION BANASAWADI  FIRE STATION, OPP HP PETROL  BUNK, DODDA BANASAWADI  MAIN ROAD , BANASAWADI  BANGALORE",Anjani,9972974846 / 08022971540,13.011407,77.6460582,Bengaluru
116,Tactical,117,Sledge Hammer,4 Nos,BANASAWADI  FIRE STATION,"BANASAWADI  FIRE STATION BANASAWADI  FIRE STATION, OPP HP PETROL  BUNK, DODDA BANASAWADI  MAIN ROAD , BANASAWADI  BANGALORE",Anjani,9972974846 / 08022971540,13.011407,77.6460582,Bengaluru
117,Tactical,115,Jack With 5 Ton Lift,2 Nos,BANASAWADI  FIRE STATION,"BANASAWADI  FIRE STATION BANASAWADI  FIRE STATION, OPP HP PETROL  BUNK, DODDA BANASAWADI  MAIN ROAD , BANASAWADI  BANGALORE",Anjani,9972974846 / 08022971540,13.011407,77.6460582,Bengaluru
118,Tactical,107,Chain Saw Diamond,1 Nos,BANASAWADI  FIRE STATION,"BANASAWADI  FIRE STATION BANASAWADI  FIRE STATION, OPP HP PETROL  BUNK, DODDA BANASAWADI  MAIN ROAD , BANASAWADI  BANGALORE",Anjani,9972974846 / 08022971540,13.011407,77.6460582,Bengaluru
119,Tactical,103,Bolt Cutters ( Shears ),3 Nos,BANASAWADI  FIRE STATION,"BANASAWADI  FIRE STATION BANASAWADI  FIRE STATION, OPP HP PETROL  BUNK, DODDA BANASAWADI  MAIN ROAD , BANASAWADI  BANGALORE",Anjani,9972974846 / 08022971540,13.011407,77.6460582,Bengaluru
120,Tactical,389,Gum Boots,38 Nos,THANISANDRA  FIRE STATION,"THANISANDRA  FIRE STATION, MANYATH  TECH PARK, NAGAWAR RING  ROAD, BANGALURU",Ranganath S,9480823781 / 9019662472,13.0479739,77.6067,Bengaluru
121,Tactical,369,Hand Gloves,20 Nos,THANISANDRA  FIRE STATION,"THANISANDRA  FIRE STATION, MANYATH  TECH PARK, NAGAWAR RING  ROAD, BANGALURU",Ranganath S,9480823781 / 9019662472,13.0479739,77.6067,Bengaluru
133,Tactical,159,Inflatable Boat (12 Persons),1 Nos,THANISANDRA  FIRE STATION,"THANISANDRA  FIRE STATION, MANYATH  TECH PARK, NAGAWAR RING  ROAD, BANGALURU",Ranganath S,9480823781 / 9019662472,13.0479739,77.6067,Bengaluru
134,Tactical,156,Life Jackets,21 Nos,THANISANDRA  FIRE STATION,"THANISANDRA  FIRE STATION, MANYATH  TECH PARK, NAGAWAR RING  ROAD, BANGALURU",Ranganath S,9480823781 / 9019662472,13.0479739,77.6067,Bengaluru
135,Tactical,155,Lifebuoy,18 Nos,THANISANDRA  FIRE STATION,"THANISANDRA  FIRE STATION, MANYATH  TECH PARK, NAGAWAR RING  ROAD, BANGALURU",Ranganath S,9480823781 / 9019662472,13.0479739,77.6067,Bengaluru
136,Tactical,140,Search Light,4 Nos,THANISANDRA  FIRE STATION,"THANISANDRA  FIRE STATION, MANYATH  TECH PARK, NAGAWAR RING  ROAD, BANGALURU",Ranganath S,9480823781 / 9019662472,13.0479739,77.6067,Bengaluru
137,Tactical,360,Hose/Hose Fitting,109 Nos,THANISANDRA  FIRE STATION,"THANISANDRA  FIRE STATION, MANYATH  TECH PARK, NAGAWAR RING  ROAD, BANGALURU",Ranganath S,9480823781 / 9019662472,13.0479739,77.6067,Bengaluru
138,Tactical,357,Rope,1 Nos,THANISANDRA  FIRE STATION,"THANISANDRA  FIRE STATION, MANYATH  TECH PARK, NAGAWAR RING  ROAD, BANGALURU",Ranganath S,9480823781 / 9019662472,13.0479739,77.6067,Bengaluru
139,Tactical,356,B.A.Set,6 Nos,THANISANDRA  FIRE STATION,"THANISANDRA  FIRE STATION, MANYATH  TECH PARK, NAGAWAR RING  ROAD, BANGALURU",Ranganath S,9480823781 / 9019662472,13.0479739,77.6067,Bengaluru
140,Tactical,341,Ceiling Hook,2 Nos,THANISANDRA  FIRE STATION,"THANISANDRA  FIRE STATION, MANYATH  TECH PARK, NAGAWAR RING  ROAD, BANGALURU",Ranganath S,9480823781 / 9019662472,13.0479739,77.6067,Bengaluru
141,Tactical,338,Door Breaker,1 Nos,THANISANDRA  FIRE STATION,"THANISANDRA  FIRE STATION, MANYATH  TECH PARK, NAGAWAR RING  ROAD, BANGALURU",Ranganath S,9480823781 / 9019662472,13.0479739,77.6067,Bengaluru
142,Tactical,337,Axe,2 Nos,THANISANDRA  FIRE STATION,"THANISANDRA  FIRE STATION, MANYATH  TECH PARK, NAGAWAR RING  ROAD, BANGALURU",Ranganath S,9480823781 / 9019662472,13.0479739,77.6067,Bengaluru
143,Tactical,336,Pick Axe,10 Nos,THANISANDRA  FIRE STATION,"THANISANDRA  FIRE STATION, MANYATH  TECH PARK, NAGAWAR RING  ROAD, BANGALURU",Ranganath S,9480823781 / 9019662472,13.0479739,77.6067,Bengaluru
144,Tactical,334,Helmet,38 Nos,THANISANDRA  FIRE STATION,"THANISANDRA  FIRE STATION, MANYATH  TECH PARK, NAGAWAR RING  ROAD, BANGALURU",Ranganath S,9480823781 / 9019662472,13.0479739,77.6067,Bengaluru
145,Tactical,332,Crow Bar,15 Nos,THANISANDRA  FIRE STATION,"THANISANDRA  FIRE STATION, MANYATH  TECH PARK, NAGAWAR RING  ROAD, BANGALURU",Ranganath S,9480823781 / 9019662472,13.0479739,77.6067,Bengaluru
146,Tactical,330,Shovel,8 Nos,THANISANDRA  FIRE STATION,"THANISANDRA  FIRE STATION, MANYATH  TECH PARK, NAGAWAR RING  ROAD, BANGALURU",Ranganath S,9480823781 / 9019662472,13.0479739,77.6067,Bengaluru
147,Tactical,117,Sledge Hammer,7 Nos,THANISANDRA  FIRE STATION,"THANISANDRA  FIRE STATION, MANYATH  TECH PARK, NAGAWAR RING  ROAD, BANGALURU",Ranganath S,9480823781 / 9019662472,13.0479739,77.6067,Bengaluru
148,Tactical,115,Jack With 5 Ton Lift,4 Nos,THANISANDRA  FIRE STATION,"THANISANDRA  FIRE STATION, MANYATH  TECH PARK, NAGAWAR RING  ROAD, BANGALURU",Ranganath S,9480823781 / 9019662472,13.0479739,77.6067,Bengaluru
149,Tactical,107,Chain Saw Diamond,2 Nos,THANISANDRA  FIRE STATION,"THANISANDRA  FIRE STATION, MANYATH  TECH PARK, NAGAWAR RING  ROAD, BANGALURU",Ranganath S,9480823781 / 9019662472,13.0479739,77.6067,Bengaluru
150,Tactical,103,Bolt Cutters ( Shears ),4 Nos,THANISANDRA  FIRE STATION,"THANISANDRA  FIRE STATION, MANYATH  TECH PARK, NAGAWAR RING  ROAD, BANGALURU",Ranganath S,9480823781 / 9019662472,13.0479739,77.6067,Bengaluru
154,Tactical,118,Heavy Axe,1 Nos,KARNATAKA  STATE FIRE AND EMERGENCY  SERVICES(Hulimavu),"HULIMAVU FIRE  STATION Venugopalnagar,  Bannerughatta Main Road, Near  Royal Meenakshi Mall, Bengaluru-  560 076.",Mahantgouda Kurakalli,9108182873 / 08022971613,12.878337769511,77.597371239329,Bengaluru
155,Tactical,354,Hand Tool Set,1 Nos,KARNATAKA  STATE FIRE AND EMERGENCY  SERVICES(Hulimavu),"HULIMAVU FIRE  STATION Venugopalnagar,  Bannerughatta Main Road, Near  Royal Meenakshi Mall, Bengaluru-  560 076.",Mahantgouda Kurakalli,9108182873 / 08022971613,12.878337769511,77.597371239329,Bengaluru
159,Tactical,157,Basket Stretcher,1 Nos,KARNATAKA  STATE FIRE AND EMERGENCY  SERVICES(Hulimavu),"HULIMAVU FIRE  STATION Venugopalnagar,  Bannerughatta Main Road, Near  Royal Meenakshi Mall, Bengaluru-  560 076.",Mahantgouda Kurakalli,9108182873 / 08022971613,12.878337769511,77.597371239329,Bengaluru
160,Tactical,341,Ceiling Hook,1 Nos,KARNATAKA  STATE FIRE AND EMERGENCY  SERVICES(Hulimavu),"HULIMAVU FIRE  STATION Venugopalnagar,  Bannerughatta Main Road, Near  Royal Meenakshi Mall, Bengaluru-  560 076.",Mahantgouda Kurakalli,9108182873 / 08022971613,12.878337769511,77.597371239329,Bengaluru
161,Tactical,344,Electric Torch,1 Nos,KARNATAKA  STATE FIRE AND EMERGENCY  SERVICES(Hulimavu),"HULIMAVU FIRE  STATION Venugopalnagar,  Bannerughatta Main Road, Near  Royal Meenakshi Mall, Bengaluru-  560 076.",Mahantgouda Kurakalli,9108182873 / 08022971613,12.878337769511,77.597371239329,Bengaluru
162,Tactical,383,Goggles,10 Nos,KARNATAKA  STATE FIRE AND EMERGENCY  SERVICES(Hulimavu),"HULIMAVU FIRE  STATION Venugopalnagar,  Bannerughatta Main Road, Near  Royal Meenakshi Mall, Bengaluru-  560 076.",Mahantgouda Kurakalli,9108182873 / 08022971613,12.878337769511,77.597371239329,Bengaluru
164,Tactical,115,Jack With 5 Ton Lift,2 Nos,KARNATAKA  STATE FIRE AND EMERGENCY  SERVICES(Hulimavu),"HULIMAVU FIRE  STATION Venugopalnagar,  Bannerughatta Main Road, Near  Royal Meenakshi Mall, Bengaluru-  560 076.",Mahantgouda Kurakalli,9108182873 / 08022971613,12.878337769511,77.597371239329,Bengaluru
165,Tactical,389,Gum Boots,32 Nos,KARNATAKA  STATE FIRE AND EMERGENCY  SERVICES(Hulimavu),"HULIMAVU FIRE  STATION Venugopalnagar,  Bannerughatta Main Road, Near  Royal Meenakshi Mall, Bengaluru-  560 076.",Mahantgouda Kurakalli,9108182873 / 08022971613,12.878337769511,77.597371239329,Bengaluru
166,Tactical,369,Hand Gloves,19 Nos,KARNATAKA  STATE FIRE AND EMERGENCY  SERVICES(Hulimavu),"HULIMAVU FIRE  STATION Venugopalnagar,  Bannerughatta Main Road, Near  Royal Meenakshi Mall, Bengaluru-  560 076.",Mahantgouda Kurakalli,9108182873 / 08022971613,12.878337769511,77.597371239329,Bengaluru
176,Tactical,156,Life Jackets,19 Nos,KARNATAKA  STATE FIRE AND EMERGENCY  SERVICES(Hulimavu),"HULIMAVU FIRE  STATION Venugopalnagar,  Bannerughatta Main Road, Near  Royal Meenakshi Mall, Bengaluru-  560 076.",Mahantgouda Kurakalli,9108182873 / 08022971613,12.878337769511,77.597371239329,Bengaluru
177,Tactical,155,Lifebuoy,13 Nos,KARNATAKA  STATE FIRE AND EMERGENCY  SERVICES(Hulimavu),"HULIMAVU FIRE  STATION Venugopalnagar,  Bannerughatta Main Road, Near  Royal Meenakshi Mall, Bengaluru-  560 076.",Mahantgouda Kurakalli,9108182873 / 08022971613,12.878337769511,77.597371239329,Bengaluru
178,Tactical,140,Search Light,2 Nos,KARNATAKA  STATE FIRE AND EMERGENCY  SERVICES(Hulimavu),"HULIMAVU FIRE  STATION Venugopalnagar,  Bannerughatta Main Road, Near  Royal Meenakshi Mall, Bengaluru-  560 076.",Mahantgouda Kurakalli,9108182873 / 08022971613,12.878337769511,77.597371239329,Bengaluru
179,Tactical,360,Hose/Hose Fitting,124 Nos,KARNATAKA  STATE FIRE AND EMERGENCY  SERVICES(Hulimavu),"HULIMAVU FIRE  STATION Venugopalnagar,  Bannerughatta Main Road, Near  Royal Meenakshi Mall, Bengaluru-  560 076.",Mahantgouda Kurakalli,9108182873 / 08022971613,12.878337769511,77.597371239329,Bengaluru
181,Tactical,357,Rope,6 Nos,KARNATAKA  STATE FIRE AND EMERGENCY  SERVICES(Hulimavu),"HULIMAVU FIRE  STATION Venugopalnagar,  Bannerughatta Main Road, Near  Royal Meenakshi Mall, Bengaluru-  560 076.",Mahantgouda Kurakalli,9108182873 / 08022971613,12.878337769511,77.597371239329,Bengaluru
182,Tactical,356,B.A.Set,6 Nos,KARNATAKA  STATE FIRE AND EMERGENCY  SERVICES(Hulimavu),"HULIMAVU FIRE  STATION Venugopalnagar,  Bannerughatta Main Road, Near  Royal Meenakshi Mall, Bengaluru-  560 076.",Mahantgouda Kurakalli,9108182873 / 08022971613,12.878337769511,77.597371239329,Bengaluru
183,Tactical,338,Door Breaker,02 Nos,KARNATAKA  STATE FIRE AND EMERGENCY  SERVICES(Hulimavu),"HULIMAVU FIRE  STATION Venugopalnagar,  Bannerughatta Main Road, Near  Royal Meenakshi Mall, Bengaluru-  560 076.",Mahantgouda Kurakalli,9108182873 / 08022971613,12.878337769511,77.597371239329,Bengaluru
184,Tactical,337,Axe,3 Nos,KARNATAKA  STATE FIRE AND EMERGENCY  SERVICES(Hulimavu),"HULIMAVU FIRE  STATION Venugopalnagar,  Bannerughatta Main Road, Near  Royal Meenakshi Mall, Bengaluru-  560 076.",Mahantgouda Kurakalli,9108182873 / 08022971613,12.878337769511,77.597371239329,Bengaluru
185,Tactical,336,Pick Axe,3 Nos,KARNATAKA  STATE FIRE AND EMERGENCY  SERVICES(Hulimavu),"HULIMAVU FIRE  STATION Venugopalnagar,  Bannerughatta Main Road, Near  Royal Meenakshi Mall, Bengaluru-  560 076.",Mahantgouda Kurakalli,9108182873 / 08022971613,12.878337769511,77.597371239329,Bengaluru
186,Tactical,334,Helmet,32 Nos,KARNATAKA  STATE FIRE AND EMERGENCY  SERVICES(Hulimavu),"HULIMAVU FIRE  STATION Venugopalnagar,  Bannerughatta Main Road, Near  Royal Meenakshi Mall, Bengaluru-  560 076.",Mahantgouda Kurakalli,9108182873 / 08022971613,12.878337769511,77.597371239329,Bengaluru
187,Tactical,331,Spade,01 Nos,KARNATAKA  STATE FIRE AND EMERGENCY  SERVICES(Hulimavu),"HULIMAVU FIRE  STATION Venugopalnagar,  Bannerughatta Main Road, Near  Royal Meenakshi Mall, Bengaluru-  560 076.",Mahantgouda Kurakalli,9108182873 / 08022971613,12.878337769511,77.597371239329,Bengaluru
188,Tactical,332,Crow Bar,4 Nos,KARNATAKA  STATE FIRE AND EMERGENCY  SERVICES(Hulimavu),"HULIMAVU FIRE  STATION Venugopalnagar,  Bannerughatta Main Road, Near  Royal Meenakshi Mall, Bengaluru-  560 076.",Mahantgouda Kurakalli,9108182873 / 08022971613,12.878337769511,77.597371239329,Bengaluru
189,Tactical,330,Shovel,01 Nos,KARNATAKA  STATE FIRE AND EMERGENCY  SERVICES(Hulimavu),"HULIMAVU FIRE  STATION Venugopalnagar,  Bannerughatta Main Road, Near  Royal Meenakshi Mall, Bengaluru-  560 076.",Mahantgouda Kurakalli,9108182873 / 08022971613,12.878337769511,77.597371239329,Bengaluru
190,Tactical,117,Sledge Hammer,3 Nos,KARNATAKA  STATE FIRE AND EMERGENCY  SERVICES(Hulimavu),"HULIMAVU FIRE  STATION Venugopalnagar,  Bannerughatta Main Road, Near  Royal Meenakshi Mall, Bengaluru-  560 076.",Mahantgouda Kurakalli,9108182873 / 08022971613,12.878337769511,77.597371239329,Bengaluru
191,Tactical,339,Hacksaw,3 Nos,KARNATAKA  STATE FIRE AND EMERGENCY  SERVICES(Hulimavu),"HULIMAVU FIRE  STATION Venugopalnagar,  Bannerughatta Main Road, Near  Royal Meenakshi Mall, Bengaluru-  560 076.",Mahantgouda Kurakalli,9108182873 / 08022971613,12.878337769511,77.597371239329,Bengaluru
192,Tactical,103,Bolt Cutters ( Shears ),3 Nos,KARNATAKA  STATE FIRE AND EMERGENCY  SERVICES(Hulimavu),"HULIMAVU FIRE  STATION Venugopalnagar,  Bannerughatta Main Road, Near  Royal Meenakshi Mall, Bengaluru-  560 076.",Mahantgouda Kurakalli,9108182873 / 08022971613,12.878337769511,77.597371239329,Bengaluru
221,Tactical,159,Inflatable Boat (12 Persons),1 Nos,ANJANAPUR FIRE  STATION,"Anjanapura,  Tulasipura Road, Bengaluru-560  108.",G  CHANDRASHEKHAR,9591152540 / 08022971609,12.8591519,77.5633249,Bengaluru
222,Tactical,156,Life Jackets,7 Nos,ANJANAPUR FIRE  STATION,"Anjanapura,  Tulasipura Road, Bengaluru-560  108.",G  CHANDRASHEKHAR,9591152540 / 08022971609,12.8591519,77.5633249,Bengaluru
223,Tactical,155,Lifebuoy,2 Nos,ANJANAPUR FIRE  STATION,"Anjanapura,  Tulasipura Road, Bengaluru-560  108.",G  CHANDRASHEKHAR,9591152540 / 08022971609,12.8591519,77.5633249,Bengaluru
224,Tactical,141,Electric Generator (10 Kv),1 Nos,ANJANAPUR FIRE  STATION,"Anjanapura,  Tulasipura Road, Bengaluru-560  108.",G  CHANDRASHEKHAR,9591152540 / 08022971609,12.8591519,77.5633249,Bengaluru
226,Tactical,358,Bucket,2 Nos,ANJANAPUR FIRE  STATION,"Anjanapura,  Tulasipura Road, Bengaluru-560  108.",G  CHANDRASHEKHAR,9591152540 / 08022971609,12.8591519,77.5633249,Bengaluru
227,Tactical,339,Hacksaw,1 Nos,ANJANAPUR FIRE  STATION,"Anjanapura,  Tulasipura Road, Bengaluru-560  108.",G  CHANDRASHEKHAR,9591152540 / 08022971609,12.8591519,77.5633249,Bengaluru
228,Tactical,333,Heavy Block Of Fulcrum,1 Nos,ANJANAPUR FIRE  STATION,"Anjanapura,  Tulasipura Road, Bengaluru-560  108.",G  CHANDRASHEKHAR,9591152540 / 08022971609,12.8591519,77.5633249,Bengaluru
229,Tactical,331,Spade,2 Nos,ANJANAPUR FIRE  STATION,"Anjanapura,  Tulasipura Road, Bengaluru-560  108.",G  CHANDRASHEKHAR,9591152540 / 08022971609,12.8591519,77.5633249,Bengaluru
230,Tactical,330,Shovel,1 Nos,ANJANAPUR FIRE  STATION,"Anjanapura,  Tulasipura Road, Bengaluru-560  108.",G  CHANDRASHEKHAR,9591152540 / 08022971609,12.8591519,77.5633249,Bengaluru
231,Tactical,115,Jack With 5 Ton Lift,1 Nos,ANJANAPUR FIRE  STATION,"Anjanapura,  Tulasipura Road, Bengaluru-560  108.",G  CHANDRASHEKHAR,9591152540 / 08022971609,12.8591519,77.5633249,Bengaluru
235,Tactical,357,Rope,03 Nos,ANJANAPUR FIRE  STATION,"Anjanapura,  Tulasipura Road, Bengaluru-560  108.",G  CHANDRASHEKHAR,9591152540 / 08022971609,12.8591519,77.5633249,Bengaluru
236,Tactical,356,B.A.Set,06 Nos,ANJANAPUR FIRE  STATION,"Anjanapura,  Tulasipura Road, Bengaluru-560  108.",G  CHANDRASHEKHAR,9591152540 / 08022971609,12.8591519,77.5633249,Bengaluru
237,Tactical,341,Ceiling Hook,1 Nos,ANJANAPUR FIRE  STATION,"Anjanapura,  Tulasipura Road, Bengaluru-560  108.",G  CHANDRASHEKHAR,9591152540 / 08022971609,12.8591519,77.5633249,Bengaluru
238,Tactical,337,Axe,1 Nos,ANJANAPUR FIRE  STATION,"Anjanapura,  Tulasipura Road, Bengaluru-560  108.",G  CHANDRASHEKHAR,9591152540 / 08022971609,12.8591519,77.5633249,Bengaluru
239,Tactical,336,Pick Axe,1 Nos,ANJANAPUR FIRE  STATION,"Anjanapura,  Tulasipura Road, Bengaluru-560  108.",G  CHANDRASHEKHAR,9591152540 / 08022971609,12.8591519,77.5633249,Bengaluru
240,Tactical,334,Helmet,33 Nos,ANJANAPUR FIRE  STATION,"Anjanapura,  Tulasipura Road, Bengaluru-560  108.",G  CHANDRASHEKHAR,9591152540 / 08022971609,12.8591519,77.5633249,Bengaluru
241,Tactical,332,Crow Bar,02 Nos,ANJANAPUR FIRE  STATION,"Anjanapura,  Tulasipura Road, Bengaluru-560  108.",G  CHANDRASHEKHAR,9591152540 / 08022971609,12.8591519,77.5633249,Bengaluru
242,Tactical,130,Crescent/Adjustable Wrenches,01 Nos,ANJANAPUR FIRE  STATION,"Anjanapura,  Tulasipura Road, Bengaluru-560  108.",G  CHANDRASHEKHAR,9591152540 / 08022971609,12.8591519,77.5633249,Bengaluru
246,Tactical,369,Hand Gloves,6 Nos,ANJANAPUR FIRE  STATION,"Anjanapura,  Tulasipura Road, Bengaluru-560  108.",G  CHANDRASHEKHAR,9591152540 / 08022971609,12.8591519,77.5633249,Bengaluru
247,Tactical,376,Ppe Kit,33 Nos,ANJANAPUR FIRE  STATION,"Anjanapura,  Tulasipura Road, Bengaluru-560  108.",G  CHANDRASHEKHAR,9591152540 / 08022971609,12.8591519,77.5633249,Bengaluru
248,Tactical,374,Driver Hmv,6 Nos,ANJANAPUR FIRE  STATION,"Anjanapura,  Tulasipura Road, Bengaluru-560  108.",G  CHANDRASHEKHAR,9591152540 / 08022971609,12.8591519,77.5633249,Bengaluru
249,Tactical,291,Containers Of Afff,20 Nos,ANJANAPUR FIRE  STATION,"Anjanapura,  Tulasipura Road, Bengaluru-560  108.",G  CHANDRASHEKHAR,9591152540 / 08022971609,12.8591519,77.5633249,Bengaluru
250,Tactical,322,Traffic Cones,5 Nos,ANJANAPUR FIRE  STATION,"Anjanapura,  Tulasipura Road, Bengaluru-560  108.",G  CHANDRASHEKHAR,9591152540 / 08022971609,12.8591519,77.5633249,Bengaluru
251,Tactical,373,Driver Lmv,6 Nos,ANJANAPUR FIRE  STATION,"Anjanapura,  Tulasipura Road, Bengaluru-560  108.",G  CHANDRASHEKHAR,9591152540 / 08022971609,12.8591519,77.5633249,Bengaluru
252,Tactical,389,Gum Boots,33 Nos,ANJANAPUR FIRE  STATION,"Anjanapura,  Tulasipura Road, Bengaluru-560  108.",G  CHANDRASHEKHAR,9591152540 / 08022971609,12.8591519,77.5633249,Bengaluru
253,Tactical,406,Gloves,6 Nos,ANJANAPUR FIRE  STATION,"Anjanapura,  Tulasipura Road, Bengaluru-560  108.",G  CHANDRASHEKHAR,9591152540 / 08022971609,12.8591519,77.5633249,Bengaluru
254,Tactical,103,Bolt Cutters ( Shears ),02 Nos,ANJANAPUR FIRE  STATION,"Anjanapura,  Tulasipura Road, Bengaluru-560  108.",G  CHANDRASHEKHAR,9591152540 / 08022971609,12.8591519,77.5633249,Bengaluru
264,Tactical,159,Inflatable Boat (12 Persons),1 Nos,ITPL FIRE  STATION,"EPIP FIRE  STATION, whitefield",Mr K  Ramakrishna,9902935026 / 0802841101,12.987366,77.731969,Bengaluru
265,Tactical,156,Life Jackets,20 Nos,ITPL FIRE  STATION,"EPIP FIRE  STATION, whitefield",Mr K  Ramakrishna,9902935026 / 0802841101,12.987366,77.731969,Bengaluru
266,Tactical,155,Lifebuoy,12 Nos,ITPL FIRE  STATION,"EPIP FIRE  STATION, whitefield",Mr K  Ramakrishna,9902935026 / 0802841101,12.987366,77.731969,Bengaluru
267,Tactical,138,Inflatable Light Tower,2 Nos,ITPL FIRE  STATION,"EPIP FIRE  STATION, whitefield",Mr K  Ramakrishna,9902935026 / 0802841101,12.987366,77.731969,Bengaluru
268,Tactical,335,Basket,1 Nos,ITPL FIRE  STATION,"EPIP FIRE  STATION, whitefield",Mr K  Ramakrishna,9902935026 / 0802841101,12.987366,77.731969,Bengaluru
269,Tactical,332,Crow Bar,1 Nos,ITPL FIRE  STATION,"EPIP FIRE  STATION, whitefield",Mr K  Ramakrishna,9902935026 / 0802841101,12.987366,77.731969,Bengaluru
270,Tactical,331,Spade,1 Nos,ITPL FIRE  STATION,"EPIP FIRE  STATION, whitefield",Mr K  Ramakrishna,9902935026 / 0802841101,12.987366,77.731969,Bengaluru
271,Tactical,330,Shovel,1 Nos,ITPL FIRE  STATION,"EPIP FIRE  STATION, whitefield",Mr K  Ramakrishna,9902935026 / 0802841101,12.987366,77.731969,Bengaluru
272,Tactical,118,Heavy Axe,1 Nos,ITPL FIRE  STATION,"EPIP FIRE  STATION, whitefield",Mr K  Ramakrishna,9902935026 / 0802841101,12.987366,77.731969,Bengaluru
273,Tactical,117,Sledge Hammer,1 Nos,ITPL FIRE  STATION,"EPIP FIRE  STATION, whitefield",Mr K  Ramakrishna,9902935026 / 0802841101,12.987366,77.731969,Bengaluru
274,Tactical,107,Chain Saw Diamond,1 Nos,ITPL FIRE  STATION,"EPIP FIRE  STATION, whitefield",Mr K  Ramakrishna,9902935026 / 0802841101,12.987366,77.731969,Bengaluru
275,Tactical,103,Bolt Cutters ( Shears ),1 Nos,ITPL FIRE  STATION,"EPIP FIRE  STATION, whitefield",Mr K  Ramakrishna,9902935026 / 0802841101,12.987366,77.731969,Bengaluru
276,Tactical,125,Stretcher Harness (Set),1 Nos,ITPL FIRE  STATION,"EPIP FIRE  STATION, whitefield",Mr K  Ramakrishna,9902935026 / 0802841101,12.987366,77.731969,Bengaluru
279,Tactical,104,Electric Drill,1 Nos,ITPL FIRE  STATION,"EPIP FIRE  STATION, whitefield",Mr K  Ramakrishna,9902935026 / 0802841101,12.987366,77.731969,Bengaluru
280,Tactical,310,Non Sparking Tool,1 Nos,ITPL FIRE  STATION,"EPIP FIRE  STATION, whitefield",Mr K  Ramakrishna,9902935026 / 0802841101,12.987366,77.731969,Bengaluru
281,Tactical,341,Ceiling Hook,1 Nos,ITPL FIRE  STATION,"EPIP FIRE  STATION, whitefield",Mr K  Ramakrishna,9902935026 / 0802841101,12.987366,77.731969,Bengaluru
282,Tactical,106,Chipping Hammer,6 Nos,ITPL FIRE  STATION,"EPIP FIRE  STATION, whitefield",Mr K  Ramakrishna,9902935026 / 0802841101,12.987366,77.731969,Bengaluru
284,Tactical,343,Public Address System,1 Nos,ITPL FIRE  STATION,"EPIP FIRE  STATION, whitefield",Mr K  Ramakrishna,9902935026 / 0802841101,12.987366,77.731969,Bengaluru
288,Tactical,344,Electric Torch,2 Nos,ITPL FIRE  STATION,"EPIP FIRE  STATION, whitefield",Mr K  Ramakrishna,9902935026 / 0802841101,12.987366,77.731969,Bengaluru
289,Tactical,140,Search Light,1 Nos,ITPL FIRE  STATION,"EPIP FIRE  STATION, whitefield",Mr K  Ramakrishna,9902935026 / 0802841101,12.987366,77.731969,Bengaluru
290,Tactical,360,Hose/Hose Fitting,25 Nos,ITPL FIRE  STATION,"EPIP FIRE  STATION, whitefield",Mr K  Ramakrishna,9902935026 / 0802841101,12.987366,77.731969,Bengaluru
291,Tactical,358,Bucket,2 Nos,ITPL FIRE  STATION,"EPIP FIRE  STATION, whitefield",Mr K  Ramakrishna,9902935026 / 0802841101,12.987366,77.731969,Bengaluru
292,Tactical,357,Rope,2 Nos,ITPL FIRE  STATION,"EPIP FIRE  STATION, whitefield",Mr K  Ramakrishna,9902935026 / 0802841101,12.987366,77.731969,Bengaluru
293,Tactical,356,B.A.Set,05 Nos,ITPL FIRE  STATION,"EPIP FIRE  STATION, whitefield",Mr K  Ramakrishna,9902935026 / 0802841101,12.987366,77.731969,Bengaluru
294,Tactical,354,Hand Tool Set,1 Nos,ITPL FIRE  STATION,"EPIP FIRE  STATION, whitefield",Mr K  Ramakrishna,9902935026 / 0802841101,12.987366,77.731969,Bengaluru
295,Tactical,339,Hacksaw,1 Nos,ITPL FIRE  STATION,"EPIP FIRE  STATION, whitefield",Mr K  Ramakrishna,9902935026 / 0802841101,12.987366,77.731969,Bengaluru
296,Tactical,337,Axe,1 Nos,ITPL FIRE  STATION,"EPIP FIRE  STATION, whitefield",Mr K  Ramakrishna,9902935026 / 0802841101,12.987366,77.731969,Bengaluru
297,Tactical,334,Helmet,29 Nos,ITPL FIRE  STATION,"EPIP FIRE  STATION, whitefield",Mr K  Ramakrishna,9902935026 / 0802841101,12.987366,77.731969,Bengaluru
298,Tactical,131,Slotted Screwdrivers,1 Nos,ITPL FIRE  STATION,"EPIP FIRE  STATION, whitefield",Mr K  Ramakrishna,9902935026 / 0802841101,12.987366,77.731969,Bengaluru
299,Tactical,124,"Gloves Rubber, Tested Up To 25, 000 Volt",1 Nos,ITPL FIRE  STATION,"EPIP FIRE  STATION, whitefield",Mr K  Ramakrishna,9902935026 / 0802841101,12.987366,77.731969,Bengaluru
300,Tactical,122,Smoke Blower And Exhauster,1 Nos,ITPL FIRE  STATION,"EPIP FIRE  STATION, whitefield",Mr K  Ramakrishna,9902935026 / 0802841101,12.987366,77.731969,Bengaluru
301,Tactical,138,Inflatable Light Tower,1 Nos,Secretariat Fire  Station,"Karnataka State Fire  And Emergency Services,  Secretariat Fire Station, DR BR  Ambedkar Veedhi Vikasasaudha,  Bangalore-560001",Y H  RANGASWAMY,9489101554 / 08022971602,12.9800218,77.5927429,Bengaluru
310,Tactical,156,Life Jackets,15 Nos,Secretariat Fire  Station,"Karnataka State Fire  And Emergency Services,  Secretariat Fire Station, DR BR  Ambedkar Veedhi Vikasasaudha,  Bangalore-560001",Y H  RANGASWAMY,9489101554 / 08022971602,12.9800218,77.5927429,Bengaluru
311,Tactical,155,Lifebuoy,15 Nos,Secretariat Fire  Station,"Karnataka State Fire  And Emergency Services,  Secretariat Fire Station, DR BR  Ambedkar Veedhi Vikasasaudha,  Bangalore-560001",Y H  RANGASWAMY,9489101554 / 08022971602,12.9800218,77.5927429,Bengaluru
312,Tactical,336,Pick Axe,3 Nos,Secretariat Fire  Station,"Karnataka State Fire  And Emergency Services,  Secretariat Fire Station, DR BR  Ambedkar Veedhi Vikasasaudha,  Bangalore-560001",Y H  RANGASWAMY,9489101554 / 08022971602,12.9800218,77.5927429,Bengaluru
313,Tactical,335,Basket,2 Nos,Secretariat Fire  Station,"Karnataka State Fire  And Emergency Services,  Secretariat Fire Station, DR BR  Ambedkar Veedhi Vikasasaudha,  Bangalore-560001",Y H  RANGASWAMY,9489101554 / 08022971602,12.9800218,77.5927429,Bengaluru
314,Tactical,331,Spade,2 Nos,Secretariat Fire  Station,"Karnataka State Fire  And Emergency Services,  Secretariat Fire Station, DR BR  Ambedkar Veedhi Vikasasaudha,  Bangalore-560001",Y H  RANGASWAMY,9489101554 / 08022971602,12.9800218,77.5927429,Bengaluru
315,Tactical,125,Stretcher Harness (Set),1 Nos,Secretariat Fire  Station,"Karnataka State Fire  And Emergency Services,  Secretariat Fire Station, DR BR  Ambedkar Veedhi Vikasasaudha,  Bangalore-560001",Y H  RANGASWAMY,9489101554 / 08022971602,12.9800218,77.5927429,Bengaluru
316,Tactical,115,Jack With 5 Ton Lift,1 Nos,Secretariat Fire  Station,"Karnataka State Fire  And Emergency Services,  Secretariat Fire Station, DR BR  Ambedkar Veedhi Vikasasaudha,  Bangalore-560001",Y H  RANGASWAMY,9489101554 / 08022971602,12.9800218,77.5927429,Bengaluru
317,Tactical,358,Bucket,2 Nos,Secretariat Fire  Station,"Karnataka State Fire  And Emergency Services,  Secretariat Fire Station, DR BR  Ambedkar Veedhi Vikasasaudha,  Bangalore-560001",Y H  RANGASWAMY,9489101554 / 08022971602,12.9800218,77.5927429,Bengaluru
319,Tactical,106,Chipping Hammer,1 Nos,Secretariat Fire  Station,"Karnataka State Fire  And Emergency Services,  Secretariat Fire Station, DR BR  Ambedkar Veedhi Vikasasaudha,  Bangalore-560001",Y H  RANGASWAMY,9489101554 / 08022971602,12.9800218,77.5927429,Bengaluru
320,Tactical,343,Public Address System,1 Nos,Secretariat Fire  Station,"Karnataka State Fire  And Emergency Services,  Secretariat Fire Station, DR BR  Ambedkar Veedhi Vikasasaudha,  Bangalore-560001",Y H  RANGASWAMY,9489101554 / 08022971602,12.9800218,77.5927429,Bengaluru
331,Tactical,344,Electric Torch,2 Nos,Secretariat Fire  Station,"Karnataka State Fire  And Emergency Services,  Secretariat Fire Station, DR BR  Ambedkar Veedhi Vikasasaudha,  Bangalore-560001",Y H  RANGASWAMY,9489101554 / 08022971602,12.9800218,77.5927429,Bengaluru
332,Tactical,140,Search Light,2 Unit,Secretariat Fire  Station,"Karnataka State Fire  And Emergency Services,  Secretariat Fire Station, DR BR  Ambedkar Veedhi Vikasasaudha,  Bangalore-560001",Y H  RANGASWAMY,9489101554 / 08022971602,12.9800218,77.5927429,Bengaluru
333,Tactical,360,Hose/Hose Fitting,60 Nos,Secretariat Fire  Station,"Karnataka State Fire  And Emergency Services,  Secretariat Fire Station, DR BR  Ambedkar Veedhi Vikasasaudha,  Bangalore-560001",Y H  RANGASWAMY,9489101554 / 08022971602,12.9800218,77.5927429,Bengaluru
334,Tactical,357,Rope,8 Nos,Secretariat Fire  Station,"Karnataka State Fire  And Emergency Services,  Secretariat Fire Station, DR BR  Ambedkar Veedhi Vikasasaudha,  Bangalore-560001",Y H  RANGASWAMY,9489101554 / 08022971602,12.9800218,77.5927429,Bengaluru
335,Tactical,356,B.A.Set,4 Nos,Secretariat Fire  Station,"Karnataka State Fire  And Emergency Services,  Secretariat Fire Station, DR BR  Ambedkar Veedhi Vikasasaudha,  Bangalore-560001",Y H  RANGASWAMY,9489101554 / 08022971602,12.9800218,77.5927429,Bengaluru
336,Tactical,354,Hand Tool Set,2 Nos,Secretariat Fire  Station,"Karnataka State Fire  And Emergency Services,  Secretariat Fire Station, DR BR  Ambedkar Veedhi Vikasasaudha,  Bangalore-560001",Y H  RANGASWAMY,9489101554 / 08022971602,12.9800218,77.5927429,Bengaluru
337,Tactical,337,Axe,1 Nos,Secretariat Fire  Station,"Karnataka State Fire  And Emergency Services,  Secretariat Fire Station, DR BR  Ambedkar Veedhi Vikasasaudha,  Bangalore-560001",Y H  RANGASWAMY,9489101554 / 08022971602,12.9800218,77.5927429,Bengaluru
338,Tactical,334,Helmet,6 Nos,Secretariat Fire  Station,"Karnataka State Fire  And Emergency Services,  Secretariat Fire Station, DR BR  Ambedkar Veedhi Vikasasaudha,  Bangalore-560001",Y H  RANGASWAMY,9489101554 / 08022971602,12.9800218,77.5927429,Bengaluru
339,Tactical,332,Crow Bar,3 Nos,Secretariat Fire  Station,"Karnataka State Fire  And Emergency Services,  Secretariat Fire Station, DR BR  Ambedkar Veedhi Vikasasaudha,  Bangalore-560001",Y H  RANGASWAMY,9489101554 / 08022971602,12.9800218,77.5927429,Bengaluru
340,Tactical,330,Shovel,3 Nos,Secretariat Fire  Station,"Karnataka State Fire  And Emergency Services,  Secretariat Fire Station, DR BR  Ambedkar Veedhi Vikasasaudha,  Bangalore-560001",Y H  RANGASWAMY,9489101554 / 08022971602,12.9800218,77.5927429,Bengaluru
341,Tactical,124,"Gloves Rubber, Tested Up To 25, 000 Volt",10 Nos,Secretariat Fire  Station,"Karnataka State Fire  And Emergency Services,  Secretariat Fire Station, DR BR  Ambedkar Veedhi Vikasasaudha,  Bangalore-560001",Y H  RANGASWAMY,9489101554 / 08022971602,12.9800218,77.5927429,Bengaluru
342,Tactical,122,Smoke Blower And Exhauster,1 Nos,Secretariat Fire  Station,"Karnataka State Fire  And Emergency Services,  Secretariat Fire Station, DR BR  Ambedkar Veedhi Vikasasaudha,  Bangalore-560001",Y H  RANGASWAMY,9489101554 / 08022971602,12.9800218,77.5927429,Bengaluru
343,Tactical,118,Heavy Axe,1 Nos,Secretariat Fire  Station,"Karnataka State Fire  And Emergency Services,  Secretariat Fire Station, DR BR  Ambedkar Veedhi Vikasasaudha,  Bangalore-560001",Y H  RANGASWAMY,9489101554 / 08022971602,12.9800218,77.5927429,Bengaluru
344,Tactical,117,Sledge Hammer,2 Nos,Secretariat Fire  Station,"Karnataka State Fire  And Emergency Services,  Secretariat Fire Station, DR BR  Ambedkar Veedhi Vikasasaudha,  Bangalore-560001",Y H  RANGASWAMY,9489101554 / 08022971602,12.9800218,77.5927429,Bengaluru
345,Tactical,103,Bolt Cutters ( Shears ),4 Nos,Secretariat Fire  Station,"Karnataka State Fire  And Emergency Services,  Secretariat Fire Station, DR BR  Ambedkar Veedhi Vikasasaudha,  Bangalore-560001",Y H  RANGASWAMY,9489101554 / 08022971602,12.9800218,77.5927429,Bengaluru
346,Tactical,139,Light Mast,23 Nos,Fire and Emergency  Services,"Director, #1,  Annaswamy Mudaliar Road, Ulsoor,  Bengaluru 560042",Deputy  Director-Techincal,080-229715 / 080-22971573,12.984572244882,77.618125752705,Bengaluru
347,Tactical,141,Electric Generator (10 Kv),162 Nos,Fire and Emergency  Services,"Director, #1,  Annaswamy Mudaliar Road, Ulsoor,  Bengaluru 560042",Deputy  Director-Techincal,080-229715 / 080-22971573,12.984572244882,77.618125752705,Bengaluru
349,Tactical,118,Heavy Axe,46 Nos,Fire and Emergency  Services,"Director, #1,  Annaswamy Mudaliar Road, Ulsoor,  Bengaluru 560042",Deputy  Director-Techincal,080-229715 / 080-22971573,12.984572244882,77.618125752705,Bengaluru
350,Tactical,121,Single Sheave Snatch Block,25 Nos,Fire and Emergency  Services,"Director, #1,  Annaswamy Mudaliar Road, Ulsoor,  Bengaluru 560042",Deputy  Director-Techincal,080-229715 / 080-22971573,12.984572244882,77.618125752705,Bengaluru
351,Tactical,124,"Gloves Rubber, Tested Up To 25, 000 Volt",414 Pair,Fire and Emergency  Services,"Director, #1,  Annaswamy Mudaliar Road, Ulsoor,  Bengaluru 560042",Deputy  Director-Techincal,080-229715 / 080-22971573,12.984572244882,77.618125752705,Bengaluru
354,Tactical,140,Search Light,23 Nos,Fire and Emergency  Services,"Director, #1,  Annaswamy Mudaliar Road, Ulsoor,  Bengaluru 560042",Deputy  Director-Techincal,080-229715 / 080-22971573,12.984572244882,77.618125752705,Bengaluru
355,Tactical,110,Cutters Hydraulic,23 Nos,Fire and Emergency  Services,"Director, #1,  Annaswamy Mudaliar Road, Ulsoor,  Bengaluru 560042",Deputy  Director-Techincal,080-229715 / 080-22971573,12.984572244882,77.618125752705,Bengaluru
356,Tactical,153,Diving Suit,24 Nos,Fire and Emergency  Services,"Director, #1,  Annaswamy Mudaliar Road, Ulsoor,  Bengaluru 560042",Deputy  Director-Techincal,080-229715 / 080-22971573,12.984572244882,77.618125752705,Bengaluru
357,Tactical,155,Lifebuoy,486 Nos,Fire and Emergency  Services,"Director, #1,  Annaswamy Mudaliar Road, Ulsoor,  Bengaluru 560042",Deputy  Director-Techincal,080-229715 / 080-22971573,12.984572244882,77.618125752705,Bengaluru
361,Tactical,117,Sledge Hammer,58 Nos,Fire and Emergency  Services,"Director, #1,  Annaswamy Mudaliar Road, Ulsoor,  Bengaluru 560042",Deputy  Director-Techincal,080-229715 / 080-22971573,12.984572244882,77.618125752705,Bengaluru
362,Tactical,138,Inflatable Light Tower,256 Nos,Fire and Emergency  Services,"Director, #1,  Annaswamy Mudaliar Road, Ulsoor,  Bengaluru 560042",Deputy  Director-Techincal,080-229715 / 080-22971573,12.984572244882,77.618125752705,Bengaluru
363,Tactical,156,Life Jackets,523 Nos,Fire and Emergency  Services,"Director, #1,  Annaswamy Mudaliar Road, Ulsoor,  Bengaluru 560042",Deputy  Director-Techincal,080-229715 / 080-22971573,12.984572244882,77.618125752705,Bengaluru
366,Tactical,104,Electric Drill,12 Nos,Fire and Emergency  Services,"Director, #1,  Annaswamy Mudaliar Road, Ulsoor,  Bengaluru 560042",Deputy  Director-Techincal,080-229715 / 080-22971573,12.984572244882,77.618125752705,Bengaluru
369,Tactical,161,Motor Boats,15 Nos,Fire and Emergency  Services,"Director, #1,  Annaswamy Mudaliar Road, Ulsoor,  Bengaluru 560042",Deputy  Director-Techincal,080-229715 / 080-22971573,12.984572244882,77.618125752705,Bengaluru
370,Tactical,103,Bolt Cutters ( Shears ),144 Nos,Fire and Emergency  Services,"Director, #1,  Annaswamy Mudaliar Road, Ulsoor,  Bengaluru 560042",Deputy  Director-Techincal,080-229715 / 080-22971573,12.984572244882,77.618125752705,Bengaluru
372,Tactical,154,Under Water Ba Set,311 Nos,Fire and Emergency  Services,"Director, #1,  Annaswamy Mudaliar Road, Ulsoor,  Bengaluru 560042",Deputy  Director-Techincal,080-229715 / 080-22971573,12.984572244882,77.618125752705,Bengaluru
373,Tactical,112,Spreaders Hydraulic,23 Nos,Fire and Emergency  Services,"Director, #1,  Annaswamy Mudaliar Road, Ulsoor,  Bengaluru 560042",Deputy  Director-Techincal,080-229715 / 080-22971573,12.984572244882,77.618125752705,Bengaluru
376,Tactical,105,Circular Saw With Diamond Blade(Electric),12 Nos,Fire and Emergency  Services,"Director, #1,  Annaswamy Mudaliar Road, Ulsoor,  Bengaluru 560042",Deputy  Director-Techincal,080-229715 / 080-22971573,12.984572244882,77.618125752705,Bengaluru
377,Tactical,131,Slotted Screwdrivers,1 Nos,KARNATAKA  STATE FIRE AND EMERGENCY  SERVICES (MAHADEVAPURA),Mahadevapura FIRE  STATION,Mr. H M  Siddegouda,9528206688 / 0,12.9984889,77.7018882,Bengaluru
378,Tactical,354,Hand Tool Set,2 Nos,KARNATAKA  STATE FIRE AND EMERGENCY  SERVICES (MAHADEVAPURA),Mahadevapura FIRE  STATION,Mr. H M  Siddegouda,9528206688 / 0,12.9984889,77.7018882,Bengaluru
379,Tactical,310,Non Sparking Tool,2 Nos,KARNATAKA  STATE FIRE AND EMERGENCY  SERVICES (MAHADEVAPURA),Mahadevapura FIRE  STATION,Mr. H M  Siddegouda,9528206688 / 0,12.9984889,77.7018882,Bengaluru
381,Tactical,124,"Gloves Rubber, Tested Up To 25, 000 Volt",08 Nos,KARNATAKA  STATE FIRE AND EMERGENCY  SERVICES (MAHADEVAPURA),Mahadevapura FIRE  STATION,Mr. H M  Siddegouda,9528206688 / 0,12.9984889,77.7018882,Bengaluru
384,Tactical,339,Hacksaw,2 Nos,KARNATAKA  STATE FIRE AND EMERGENCY  SERVICES (MAHADEVAPURA),Mahadevapura FIRE  STATION,Mr. H M  Siddegouda,9528206688 / 0,12.9984889,77.7018882,Bengaluru
385,Tactical,358,Bucket,2 Nos,KARNATAKA  STATE FIRE AND EMERGENCY  SERVICES (MAHADEVAPURA),Mahadevapura FIRE  STATION,Mr. H M  Siddegouda,9528206688 / 0,12.9984889,77.7018882,Bengaluru
386,Tactical,341,Ceiling Hook,1 Nos,KARNATAKA  STATE FIRE AND EMERGENCY  SERVICES (MAHADEVAPURA),Mahadevapura FIRE  STATION,Mr. H M  Siddegouda,9528206688 / 0,12.9984889,77.7018882,Bengaluru
387,Tactical,357,Rope,04 Nos,KARNATAKA  STATE FIRE AND EMERGENCY  SERVICES (MAHADEVAPURA),Mahadevapura FIRE  STATION,Mr. H M  Siddegouda,9528206688 / 0,12.9984889,77.7018882,Bengaluru
389,Tactical,343,Public Address System,1 Nos,KARNATAKA  STATE FIRE AND EMERGENCY  SERVICES (MAHADEVAPURA),Mahadevapura FIRE  STATION,Mr. H M  Siddegouda,9528206688 / 0,12.9984889,77.7018882,Bengaluru
390,Tactical,298,First Aid Kit As Per Mfr,1 Nos,KARNATAKA  STATE FIRE AND EMERGENCY  SERVICES (MAHADEVAPURA),Mahadevapura FIRE  STATION,Mr. H M  Siddegouda,9528206688 / 0,12.9984889,77.7018882,Bengaluru
391,Tactical,344,Electric Torch,1 Nos,KARNATAKA  STATE FIRE AND EMERGENCY  SERVICES (MAHADEVAPURA),Mahadevapura FIRE  STATION,Mr. H M  Siddegouda,9528206688 / 0,12.9984889,77.7018882,Bengaluru
392,Tactical,140,Search Light,2 Nos,KARNATAKA  STATE FIRE AND EMERGENCY  SERVICES (MAHADEVAPURA),Mahadevapura FIRE  STATION,Mr. H M  Siddegouda,9528206688 / 0,12.9984889,77.7018882,Bengaluru
393,Tactical,129,Glass Remover (Punch Mark),1 Nos,KARNATAKA  STATE FIRE AND EMERGENCY  SERVICES (MAHADEVAPURA),Mahadevapura FIRE  STATION,Mr. H M  Siddegouda,9528206688 / 0,12.9984889,77.7018882,Bengaluru
395,Tactical,291,Containers Of Afff,20 Nos,KARNATAKA  STATE FIRE AND EMERGENCY  SERVICES (MAHADEVAPURA),Mahadevapura FIRE  STATION,Mr. H M  Siddegouda,9528206688 / 0,12.9984889,77.7018882,Bengaluru
409,Tactical,161,Motor Boats,1 Nos,KARNATAKA  STATE FIRE AND EMERGENCY  SERVICES (MAHADEVAPURA),Mahadevapura FIRE  STATION,Mr. H M  Siddegouda,9528206688 / 0,12.9984889,77.7018882,Bengaluru
410,Tactical,160,Fiber Boat (12 Persons),1 Nos,KARNATAKA  STATE FIRE AND EMERGENCY  SERVICES (MAHADEVAPURA),Mahadevapura FIRE  STATION,Mr. H M  Siddegouda,9528206688 / 0,12.9984889,77.7018882,Bengaluru
411,Tactical,159,Inflatable Boat (12 Persons),1 Nos,KARNATAKA  STATE FIRE AND EMERGENCY  SERVICES (MAHADEVAPURA),Mahadevapura FIRE  STATION,Mr. H M  Siddegouda,9528206688 / 0,12.9984889,77.7018882,Bengaluru
412,Tactical,156,Life Jackets,40 Nos,KARNATAKA  STATE FIRE AND EMERGENCY  SERVICES (MAHADEVAPURA),Mahadevapura FIRE  STATION,Mr. H M  Siddegouda,9528206688 / 0,12.9984889,77.7018882,Bengaluru
413,Tactical,155,Lifebuoy,29 Nos,KARNATAKA  STATE FIRE AND EMERGENCY  SERVICES (MAHADEVAPURA),Mahadevapura FIRE  STATION,Mr. H M  Siddegouda,9528206688 / 0,12.9984889,77.7018882,Bengaluru
414,Tactical,338,Door Breaker,1 Nos,KARNATAKA  STATE FIRE AND EMERGENCY  SERVICES (MAHADEVAPURA),Mahadevapura FIRE  STATION,Mr. H M  Siddegouda,9528206688 / 0,12.9984889,77.7018882,Bengaluru
415,Tactical,336,Pick Axe,8 Nos,KARNATAKA  STATE FIRE AND EMERGENCY  SERVICES (MAHADEVAPURA),Mahadevapura FIRE  STATION,Mr. H M  Siddegouda,9528206688 / 0,12.9984889,77.7018882,Bengaluru
416,Tactical,332,Crow Bar,1 Nos,KARNATAKA  STATE FIRE AND EMERGENCY  SERVICES (MAHADEVAPURA),Mahadevapura FIRE  STATION,Mr. H M  Siddegouda,9528206688 / 0,12.9984889,77.7018882,Bengaluru
417,Tactical,331,Spade,2 Nos,KARNATAKA  STATE FIRE AND EMERGENCY  SERVICES (MAHADEVAPURA),Mahadevapura FIRE  STATION,Mr. H M  Siddegouda,9528206688 / 0,12.9984889,77.7018882,Bengaluru
418,Tactical,330,Shovel,2 Nos,KARNATAKA  STATE FIRE AND EMERGENCY  SERVICES (MAHADEVAPURA),Mahadevapura FIRE  STATION,Mr. H M  Siddegouda,9528206688 / 0,12.9984889,77.7018882,Bengaluru
419,Tactical,122,Smoke Blower And Exhauster,1 Nos,KARNATAKA  STATE FIRE AND EMERGENCY  SERVICES (MAHADEVAPURA),Mahadevapura FIRE  STATION,Mr. H M  Siddegouda,9528206688 / 0,12.9984889,77.7018882,Bengaluru
420,Tactical,118,Heavy Axe,2 Nos,KARNATAKA  STATE FIRE AND EMERGENCY  SERVICES (MAHADEVAPURA),Mahadevapura FIRE  STATION,Mr. H M  Siddegouda,9528206688 / 0,12.9984889,77.7018882,Bengaluru
421,Tactical,117,Sledge Hammer,2 Nos,KARNATAKA  STATE FIRE AND EMERGENCY  SERVICES (MAHADEVAPURA),Mahadevapura FIRE  STATION,Mr. H M  Siddegouda,9528206688 / 0,12.9984889,77.7018882,Bengaluru
422,Tactical,115,Jack With 5 Ton Lift,1 Nos,KARNATAKA  STATE FIRE AND EMERGENCY  SERVICES (MAHADEVAPURA),Mahadevapura FIRE  STATION,Mr. H M  Siddegouda,9528206688 / 0,12.9984889,77.7018882,Bengaluru
423,Tactical,114,Air Lifting Bags (Different Capacity)/Tools,1 Nos,KARNATAKA  STATE FIRE AND EMERGENCY  SERVICES (MAHADEVAPURA),Mahadevapura FIRE  STATION,Mr. H M  Siddegouda,9528206688 / 0,12.9984889,77.7018882,Bengaluru
424,Tactical,113,Spreaders Battery,1 Nos,KARNATAKA  STATE FIRE AND EMERGENCY  SERVICES (MAHADEVAPURA),Mahadevapura FIRE  STATION,Mr. H M  Siddegouda,9528206688 / 0,12.9984889,77.7018882,Bengaluru
425,Tactical,112,Spreaders Hydraulic,1 Nos,KARNATAKA  STATE FIRE AND EMERGENCY  SERVICES (MAHADEVAPURA),Mahadevapura FIRE  STATION,Mr. H M  Siddegouda,9528206688 / 0,12.9984889,77.7018882,Bengaluru
426,Tactical,108,Chain Saw Bullet,2 Nos,KARNATAKA  STATE FIRE AND EMERGENCY  SERVICES (MAHADEVAPURA),Mahadevapura FIRE  STATION,Mr. H M  Siddegouda,9528206688 / 0,12.9984889,77.7018882,Bengaluru
427,Tactical,105,Circular Saw With Diamond Blade(Electric),1 Nos,KARNATAKA  STATE FIRE AND EMERGENCY  SERVICES (MAHADEVAPURA),Mahadevapura FIRE  STATION,Mr. H M  Siddegouda,9528206688 / 0,12.9984889,77.7018882,Bengaluru
428,Tactical,355,Steel Cutter/Grinder,1 Nos,KARNATAKA  STATE FIRE AND EMERGENCY  SERVICES (MAHADEVAPURA),Mahadevapura FIRE  STATION,Mr. H M  Siddegouda,9528206688 / 0,12.9984889,77.7018882,Bengaluru
429,Tactical,111,Cutters Battery,1 Nos,KARNATAKA  STATE FIRE AND EMERGENCY  SERVICES (MAHADEVAPURA),Mahadevapura FIRE  STATION,Mr. H M  Siddegouda,9528206688 / 0,12.9984889,77.7018882,Bengaluru
430,Tactical,110,Cutters Hydraulic,1 Nos,KARNATAKA  STATE FIRE AND EMERGENCY  SERVICES (MAHADEVAPURA),Mahadevapura FIRE  STATION,Mr. H M  Siddegouda,9528206688 / 0,12.9984889,77.7018882,Bengaluru
431,Tactical,103,Bolt Cutters ( Shears ),6 Nos,KARNATAKA  STATE FIRE AND EMERGENCY  SERVICES (MAHADEVAPURA),Mahadevapura FIRE  STATION,Mr. H M  Siddegouda,9528206688 / 0,12.9984889,77.7018882,Bengaluru
436,Tactical,360,Hose/Hose Fitting,141 Nos,KARNATAKA  STATE FIRE AND EMERGENCY  SERVICES (MAHADEVAPURA),Mahadevapura FIRE  STATION,Mr. H M  Siddegouda,9528206688 / 0,12.9984889,77.7018882,Bengaluru
437,Tactical,356,B.A.Set,11 Nos,KARNATAKA  STATE FIRE AND EMERGENCY  SERVICES (MAHADEVAPURA),Mahadevapura FIRE  STATION,Mr. H M  Siddegouda,9528206688 / 0,12.9984889,77.7018882,Bengaluru
438,Tactical,337,Axe,2 Nos,KARNATAKA  STATE FIRE AND EMERGENCY  SERVICES (MAHADEVAPURA),Mahadevapura FIRE  STATION,Mr. H M  Siddegouda,9528206688 / 0,12.9984889,77.7018882,Bengaluru
439,Tactical,334,Helmet,6 Nos,KARNATAKA  STATE FIRE AND EMERGENCY  SERVICES (MAHADEVAPURA),Mahadevapura FIRE  STATION,Mr. H M  Siddegouda,9528206688 / 0,12.9984889,77.7018882,Bengaluru
440,Tactical,122,Smoke Blower And Exhauster,1 Nos,KARNATAKA  STATE FIRE AND EMERGENCY  SERVICES (MAHADEVAPURA),Mahadevapura FIRE  STATION,Mr. H M  Siddegouda,9528206688 / 0,12.9984889,77.7018882,Bengaluru
441,Tactical,106,Chipping Hammer,1 Nos,KARNATAKA  STATE FIRE AND EMERGENCY  SERVICES (MAHADEVAPURA),Mahadevapura FIRE  STATION,Mr. H M  Siddegouda,9528206688 / 0,12.9984889,77.7018882,Bengaluru
442,Tactical,104,Electric Drill,1 Nos,KARNATAKA  STATE FIRE AND EMERGENCY  SERVICES (MAHADEVAPURA),Mahadevapura FIRE  STATION,Mr. H M  Siddegouda,9528206688 / 0,12.9984889,77.7018882,Bengaluru
443,Tactical,389,Gum Boots,5 Nos,KARNATAKA  STATE FIRE AND EMERGENCY  SERVICES (SOUTH FIRE  STATION),"KARNATAKA  STATE FIRE AND EMERGENCY  SERVICES (SOUTH FIRE  STATION). Residency Road, Near  Ashok Nagar Police Station",G.  Krishnaswamy,7259571910 / 08022971535,12.965248698818,77.596963810547,Bengaluru
444,Tactical,383,Goggles,10 Nos,KARNATAKA  STATE FIRE AND EMERGENCY  SERVICES (SOUTH FIRE  STATION),"KARNATAKA  STATE FIRE AND EMERGENCY  SERVICES (SOUTH FIRE  STATION). Residency Road, Near  Ashok Nagar Police Station",G.  Krishnaswamy,7259571910 / 08022971535,12.965248698818,77.596963810547,Bengaluru
445,Tactical,369,Hand Gloves,40 Nos,KARNATAKA  STATE FIRE AND EMERGENCY  SERVICES (SOUTH FIRE  STATION),"KARNATAKA  STATE FIRE AND EMERGENCY  SERVICES (SOUTH FIRE  STATION). Residency Road, Near  Ashok Nagar Police Station",G.  Krishnaswamy,7259571910 / 08022971535,12.965248698818,77.596963810547,Bengaluru
446,Tactical,368,Mask,5 Nos,KARNATAKA  STATE FIRE AND EMERGENCY  SERVICES (SOUTH FIRE  STATION),"KARNATAKA  STATE FIRE AND EMERGENCY  SERVICES (SOUTH FIRE  STATION). Residency Road, Near  Ashok Nagar Police Station",G.  Krishnaswamy,7259571910 / 08022971535,12.965248698818,77.596963810547,Bengaluru
447,Tactical,322,Traffic Cones,10 Nos,KARNATAKA  STATE FIRE AND EMERGENCY  SERVICES (SOUTH FIRE  STATION),"KARNATAKA  STATE FIRE AND EMERGENCY  SERVICES (SOUTH FIRE  STATION). Residency Road, Near  Ashok Nagar Police Station",G.  Krishnaswamy,7259571910 / 08022971535,12.965248698818,77.596963810547,Bengaluru
448,Tactical,319,Safety Torch,1 Nos,KARNATAKA  STATE FIRE AND EMERGENCY  SERVICES (SOUTH FIRE  STATION),"KARNATAKA  STATE FIRE AND EMERGENCY  SERVICES (SOUTH FIRE  STATION). Residency Road, Near  Ashok Nagar Police Station",G.  Krishnaswamy,7259571910 / 08022971535,12.965248698818,77.596963810547,Bengaluru
449,Tactical,296,Distress Signal Unit,1 Nos,KARNATAKA  STATE FIRE AND EMERGENCY  SERVICES (SOUTH FIRE  STATION),"KARNATAKA  STATE FIRE AND EMERGENCY  SERVICES (SOUTH FIRE  STATION). Residency Road, Near  Ashok Nagar Police Station",G.  Krishnaswamy,7259571910 / 08022971535,12.965248698818,77.596963810547,Bengaluru
463,Tactical,328,Rope Ladder,1 Nos,KARNATAKA  STATE FIRE AND EMERGENCY  SERVICES (SOUTH FIRE  STATION),"KARNATAKA  STATE FIRE AND EMERGENCY  SERVICES (SOUTH FIRE  STATION). Residency Road, Near  Ashok Nagar Police Station",G.  Krishnaswamy,7259571910 / 08022971535,12.965248698818,77.596963810547,Bengaluru
470,Tactical,159,Inflatable Boat (12 Persons),1 Nos,KARNATAKA  STATE FIRE AND EMERGENCY  SERVICES (SOUTH FIRE  STATION),"KARNATAKA  STATE FIRE AND EMERGENCY  SERVICES (SOUTH FIRE  STATION). Residency Road, Near  Ashok Nagar Police Station",G.  Krishnaswamy,7259571910 / 08022971535,12.965248698818,77.596963810547,Bengaluru
471,Tactical,154,Under Water Ba Set,2 Nos,KARNATAKA  STATE FIRE AND EMERGENCY  SERVICES (SOUTH FIRE  STATION),"KARNATAKA  STATE FIRE AND EMERGENCY  SERVICES (SOUTH FIRE  STATION). Residency Road, Near  Ashok Nagar Police Station",G.  Krishnaswamy,7259571910 / 08022971535,12.965248698818,77.596963810547,Bengaluru
472,Tactical,142,Trucks Aerial Lift,1 Nos,KARNATAKA  STATE FIRE AND EMERGENCY  SERVICES (SOUTH FIRE  STATION),"KARNATAKA  STATE FIRE AND EMERGENCY  SERVICES (SOUTH FIRE  STATION). Residency Road, Near  Ashok Nagar Police Station",G.  Krishnaswamy,7259571910 / 08022971535,12.965248698818,77.596963810547,Bengaluru
473,Tactical,139,Light Mast,1 Nos,KARNATAKA  STATE FIRE AND EMERGENCY  SERVICES (SOUTH FIRE  STATION),"KARNATAKA  STATE FIRE AND EMERGENCY  SERVICES (SOUTH FIRE  STATION). Residency Road, Near  Ashok Nagar Police Station",G.  Krishnaswamy,7259571910 / 08022971535,12.965248698818,77.596963810547,Bengaluru
474,Tactical,138,Inflatable Light Tower,1 Nos,KARNATAKA  STATE FIRE AND EMERGENCY  SERVICES (SOUTH FIRE  STATION),"KARNATAKA  STATE FIRE AND EMERGENCY  SERVICES (SOUTH FIRE  STATION). Residency Road, Near  Ashok Nagar Police Station",G.  Krishnaswamy,7259571910 / 08022971535,12.965248698818,77.596963810547,Bengaluru
475,Tactical,359,Matok,2 Nos,KARNATAKA  STATE FIRE AND EMERGENCY  SERVICES (SOUTH FIRE  STATION),"KARNATAKA  STATE FIRE AND EMERGENCY  SERVICES (SOUTH FIRE  STATION). Residency Road, Near  Ashok Nagar Police Station",G.  Krishnaswamy,7259571910 / 08022971535,12.965248698818,77.596963810547,Bengaluru
476,Tactical,354,Hand Tool Set,1 Nos,KARNATAKA  STATE FIRE AND EMERGENCY  SERVICES (SOUTH FIRE  STATION),"KARNATAKA  STATE FIRE AND EMERGENCY  SERVICES (SOUTH FIRE  STATION). Residency Road, Near  Ashok Nagar Police Station",G.  Krishnaswamy,7259571910 / 08022971535,12.965248698818,77.596963810547,Bengaluru
477,Tactical,341,Ceiling Hook,2 Nos,KARNATAKA  STATE FIRE AND EMERGENCY  SERVICES (SOUTH FIRE  STATION),"KARNATAKA  STATE FIRE AND EMERGENCY  SERVICES (SOUTH FIRE  STATION). Residency Road, Near  Ashok Nagar Police Station",G.  Krishnaswamy,7259571910 / 08022971535,12.965248698818,77.596963810547,Bengaluru
478,Tactical,340,Knife Salvage,1 Nos,KARNATAKA  STATE FIRE AND EMERGENCY  SERVICES (SOUTH FIRE  STATION),"KARNATAKA  STATE FIRE AND EMERGENCY  SERVICES (SOUTH FIRE  STATION). Residency Road, Near  Ashok Nagar Police Station",G.  Krishnaswamy,7259571910 / 08022971535,12.965248698818,77.596963810547,Bengaluru
479,Tactical,336,Pick Axe,4 Nos,KARNATAKA  STATE FIRE AND EMERGENCY  SERVICES (SOUTH FIRE  STATION),"KARNATAKA  STATE FIRE AND EMERGENCY  SERVICES (SOUTH FIRE  STATION). Residency Road, Near  Ashok Nagar Police Station",G.  Krishnaswamy,7259571910 / 08022971535,12.965248698818,77.596963810547,Bengaluru
480,Tactical,335,Basket,2 Nos,KARNATAKA  STATE FIRE AND EMERGENCY  SERVICES (SOUTH FIRE  STATION),"KARNATAKA  STATE FIRE AND EMERGENCY  SERVICES (SOUTH FIRE  STATION). Residency Road, Near  Ashok Nagar Police Station",G.  Krishnaswamy,7259571910 / 08022971535,12.965248698818,77.596963810547,Bengaluru
481,Tactical,332,Crow Bar,3 Nos,KARNATAKA  STATE FIRE AND EMERGENCY  SERVICES (SOUTH FIRE  STATION),"KARNATAKA  STATE FIRE AND EMERGENCY  SERVICES (SOUTH FIRE  STATION). Residency Road, Near  Ashok Nagar Police Station",G.  Krishnaswamy,7259571910 / 08022971535,12.965248698818,77.596963810547,Bengaluru
482,Tactical,331,Spade,2 Nos,KARNATAKA  STATE FIRE AND EMERGENCY  SERVICES (SOUTH FIRE  STATION),"KARNATAKA  STATE FIRE AND EMERGENCY  SERVICES (SOUTH FIRE  STATION). Residency Road, Near  Ashok Nagar Police Station",G.  Krishnaswamy,7259571910 / 08022971535,12.965248698818,77.596963810547,Bengaluru
483,Tactical,330,Shovel,2 Nos,KARNATAKA  STATE FIRE AND EMERGENCY  SERVICES (SOUTH FIRE  STATION),"KARNATAKA  STATE FIRE AND EMERGENCY  SERVICES (SOUTH FIRE  STATION). Residency Road, Near  Ashok Nagar Police Station",G.  Krishnaswamy,7259571910 / 08022971535,12.965248698818,77.596963810547,Bengaluru
484,Tactical,137,Soaking Kit,1 Nos,KARNATAKA  STATE FIRE AND EMERGENCY  SERVICES (SOUTH FIRE  STATION),"KARNATAKA  STATE FIRE AND EMERGENCY  SERVICES (SOUTH FIRE  STATION). Residency Road, Near  Ashok Nagar Police Station",G.  Krishnaswamy,7259571910 / 08022971535,12.965248698818,77.596963810547,Bengaluru
485,Tactical,133,Blankets,1 Nos,KARNATAKA  STATE FIRE AND EMERGENCY  SERVICES (SOUTH FIRE  STATION),"KARNATAKA  STATE FIRE AND EMERGENCY  SERVICES (SOUTH FIRE  STATION). Residency Road, Near  Ashok Nagar Police Station",G.  Krishnaswamy,7259571910 / 08022971535,12.965248698818,77.596963810547,Bengaluru
486,Tactical,131,Slotted Screwdrivers,4 Nos,KARNATAKA  STATE FIRE AND EMERGENCY  SERVICES (SOUTH FIRE  STATION),"KARNATAKA  STATE FIRE AND EMERGENCY  SERVICES (SOUTH FIRE  STATION). Residency Road, Near  Ashok Nagar Police Station",G.  Krishnaswamy,7259571910 / 08022971535,12.965248698818,77.596963810547,Bengaluru
487,Tactical,130,Crescent/Adjustable Wrenches,2 Nos,KARNATAKA  STATE FIRE AND EMERGENCY  SERVICES (SOUTH FIRE  STATION),"KARNATAKA  STATE FIRE AND EMERGENCY  SERVICES (SOUTH FIRE  STATION). Residency Road, Near  Ashok Nagar Police Station",G.  Krishnaswamy,7259571910 / 08022971535,12.965248698818,77.596963810547,Bengaluru
488,Tactical,127,Jumping Cushions,2 Nos,KARNATAKA  STATE FIRE AND EMERGENCY  SERVICES (SOUTH FIRE  STATION),"KARNATAKA  STATE FIRE AND EMERGENCY  SERVICES (SOUTH FIRE  STATION). Residency Road, Near  Ashok Nagar Police Station",G.  Krishnaswamy,7259571910 / 08022971535,12.965248698818,77.596963810547,Bengaluru
489,Tactical,119,Two Handled Cross Cut Saw,1 Nos,KARNATAKA  STATE FIRE AND EMERGENCY  SERVICES (SOUTH FIRE  STATION),"KARNATAKA  STATE FIRE AND EMERGENCY  SERVICES (SOUTH FIRE  STATION). Residency Road, Near  Ashok Nagar Police Station",G.  Krishnaswamy,7259571910 / 08022971535,12.965248698818,77.596963810547,Bengaluru
490,Tactical,119,Two Handled Cross Cut Saw,1 Nos,KARNATAKA  STATE FIRE AND EMERGENCY  SERVICES (SOUTH FIRE  STATION),"KARNATAKA  STATE FIRE AND EMERGENCY  SERVICES (SOUTH FIRE  STATION). Residency Road, Near  Ashok Nagar Police Station",G.  Krishnaswamy,7259571910 / 08022971535,12.965248698818,77.596963810547,Bengaluru
491,Tactical,114,Air Lifting Bags (Different Capacity)/Tools,5 Nos,KARNATAKA  STATE FIRE AND EMERGENCY  SERVICES (SOUTH FIRE  STATION),"KARNATAKA  STATE FIRE AND EMERGENCY  SERVICES (SOUTH FIRE  STATION). Residency Road, Near  Ashok Nagar Police Station",G.  Krishnaswamy,7259571910 / 08022971535,12.965248698818,77.596963810547,Bengaluru
492,Tactical,112,Spreaders Hydraulic,1 Nos,KARNATAKA  STATE FIRE AND EMERGENCY  SERVICES (SOUTH FIRE  STATION),"KARNATAKA  STATE FIRE AND EMERGENCY  SERVICES (SOUTH FIRE  STATION). Residency Road, Near  Ashok Nagar Police Station",G.  Krishnaswamy,7259571910 / 08022971535,12.965248698818,77.596963810547,Bengaluru
493,Tactical,109,Pneumatic Chisel,1 Nos,KARNATAKA  STATE FIRE AND EMERGENCY  SERVICES (SOUTH FIRE  STATION),"KARNATAKA  STATE FIRE AND EMERGENCY  SERVICES (SOUTH FIRE  STATION). Residency Road, Near  Ashok Nagar Police Station",G.  Krishnaswamy,7259571910 / 08022971535,12.965248698818,77.596963810547,Bengaluru
494,Tactical,105,Circular Saw With Diamond Blade(Electric),3 Nos,KARNATAKA  STATE FIRE AND EMERGENCY  SERVICES (SOUTH FIRE  STATION),"KARNATAKA  STATE FIRE AND EMERGENCY  SERVICES (SOUTH FIRE  STATION). Residency Road, Near  Ashok Nagar Police Station",G.  Krishnaswamy,7259571910 / 08022971535,12.965248698818,77.596963810547,Bengaluru
495,Tactical,104,Electric Drill,3 Nos,KARNATAKA  STATE FIRE AND EMERGENCY  SERVICES (SOUTH FIRE  STATION),"KARNATAKA  STATE FIRE AND EMERGENCY  SERVICES (SOUTH FIRE  STATION). Residency Road, Near  Ashok Nagar Police Station",G.  Krishnaswamy,7259571910 / 08022971535,12.965248698818,77.596963810547,Bengaluru
496,Tactical,355,Steel Cutter/Grinder,1 Nos,KARNATAKA  STATE FIRE AND EMERGENCY  SERVICES (SOUTH FIRE  STATION),"KARNATAKA  STATE FIRE AND EMERGENCY  SERVICES (SOUTH FIRE  STATION). Residency Road, Near  Ashok Nagar Police Station",G.  Krishnaswamy,7259571910 / 08022971535,12.965248698818,77.596963810547,Bengaluru
497,Tactical,110,Cutters Hydraulic,1 Nos,KARNATAKA  STATE FIRE AND EMERGENCY  SERVICES (SOUTH FIRE  STATION),"KARNATAKA  STATE FIRE AND EMERGENCY  SERVICES (SOUTH FIRE  STATION). Residency Road, Near  Ashok Nagar Police Station",G.  Krishnaswamy,7259571910 / 08022971535,12.965248698818,77.596963810547,Bengaluru
498,Tactical,103,Bolt Cutters ( Shears ),5 Nos,KARNATAKA  STATE FIRE AND EMERGENCY  SERVICES (SOUTH FIRE  STATION),"KARNATAKA  STATE FIRE AND EMERGENCY  SERVICES (SOUTH FIRE  STATION). Residency Road, Near  Ashok Nagar Police Station",G.  Krishnaswamy,7259571910 / 08022971535,12.965248698818,77.596963810547,Bengaluru
503,Tactical,156,Life Jackets,14 Nos,KARNATAKA  STATE FIRE AND EMERGENCY  SERVICES (SOUTH FIRE  STATION),"KARNATAKA  STATE FIRE AND EMERGENCY  SERVICES (SOUTH FIRE  STATION). Residency Road, Near  Ashok Nagar Police Station",G.  Krishnaswamy,7259571910 / 08022971535,12.965248698818,77.596963810547,Bengaluru
504,Tactical,155,Lifebuoy,10 Nos,KARNATAKA  STATE FIRE AND EMERGENCY  SERVICES (SOUTH FIRE  STATION),"KARNATAKA  STATE FIRE AND EMERGENCY  SERVICES (SOUTH FIRE  STATION). Residency Road, Near  Ashok Nagar Police Station",G.  Krishnaswamy,7259571910 / 08022971535,12.965248698818,77.596963810547,Bengaluru
505,Tactical,140,Search Light,2 Nos,KARNATAKA  STATE FIRE AND EMERGENCY  SERVICES (SOUTH FIRE  STATION),"KARNATAKA  STATE FIRE AND EMERGENCY  SERVICES (SOUTH FIRE  STATION). Residency Road, Near  Ashok Nagar Police Station",G.  Krishnaswamy,7259571910 / 08022971535,12.965248698818,77.596963810547,Bengaluru
506,Tactical,358,Bucket,3 Nos,KARNATAKA  STATE FIRE AND EMERGENCY  SERVICES (SOUTH FIRE  STATION),"KARNATAKA  STATE FIRE AND EMERGENCY  SERVICES (SOUTH FIRE  STATION). Residency Road, Near  Ashok Nagar Police Station",G.  Krishnaswamy,7259571910 / 08022971535,12.965248698818,77.596963810547,Bengaluru
507,Tactical,357,Rope,4 Nos,KARNATAKA  STATE FIRE AND EMERGENCY  SERVICES (SOUTH FIRE  STATION),"KARNATAKA  STATE FIRE AND EMERGENCY  SERVICES (SOUTH FIRE  STATION). Residency Road, Near  Ashok Nagar Police Station",G.  Krishnaswamy,7259571910 / 08022971535,12.965248698818,77.596963810547,Bengaluru
508,Tactical,356,B.A.Set,4 Nos,KARNATAKA  STATE FIRE AND EMERGENCY  SERVICES (SOUTH FIRE  STATION),"KARNATAKA  STATE FIRE AND EMERGENCY  SERVICES (SOUTH FIRE  STATION). Residency Road, Near  Ashok Nagar Police Station",G.  Krishnaswamy,7259571910 / 08022971535,12.965248698818,77.596963810547,Bengaluru
509,Tactical,339,Hacksaw,2 Nos,KARNATAKA  STATE FIRE AND EMERGENCY  SERVICES (SOUTH FIRE  STATION),"KARNATAKA  STATE FIRE AND EMERGENCY  SERVICES (SOUTH FIRE  STATION). Residency Road, Near  Ashok Nagar Police Station",G.  Krishnaswamy,7259571910 / 08022971535,12.965248698818,77.596963810547,Bengaluru
510,Tactical,337,Axe,1 Nos,KARNATAKA  STATE FIRE AND EMERGENCY  SERVICES (SOUTH FIRE  STATION),"KARNATAKA  STATE FIRE AND EMERGENCY  SERVICES (SOUTH FIRE  STATION). Residency Road, Near  Ashok Nagar Police Station",G.  Krishnaswamy,7259571910 / 08022971535,12.965248698818,77.596963810547,Bengaluru
511,Tactical,334,Helmet,5 Nos,KARNATAKA  STATE FIRE AND EMERGENCY  SERVICES (SOUTH FIRE  STATION),"KARNATAKA  STATE FIRE AND EMERGENCY  SERVICES (SOUTH FIRE  STATION). Residency Road, Near  Ashok Nagar Police Station",G.  Krishnaswamy,7259571910 / 08022971535,12.965248698818,77.596963810547,Bengaluru
512,Tactical,125,Stretcher Harness (Set),4 Nos,KARNATAKA  STATE FIRE AND EMERGENCY  SERVICES (SOUTH FIRE  STATION),"KARNATAKA  STATE FIRE AND EMERGENCY  SERVICES (SOUTH FIRE  STATION). Residency Road, Near  Ashok Nagar Police Station",G.  Krishnaswamy,7259571910 / 08022971535,12.965248698818,77.596963810547,Bengaluru
513,Tactical,124,"Gloves Rubber, Tested Up To 25, 000 Volt",6 Nos,KARNATAKA  STATE FIRE AND EMERGENCY  SERVICES (SOUTH FIRE  STATION),"KARNATAKA  STATE FIRE AND EMERGENCY  SERVICES (SOUTH FIRE  STATION). Residency Road, Near  Ashok Nagar Police Station",G.  Krishnaswamy,7259571910 / 08022971535,12.965248698818,77.596963810547,Bengaluru
514,Tactical,122,Smoke Blower And Exhauster,1 Nos,KARNATAKA  STATE FIRE AND EMERGENCY  SERVICES (SOUTH FIRE  STATION),"KARNATAKA  STATE FIRE AND EMERGENCY  SERVICES (SOUTH FIRE  STATION). Residency Road, Near  Ashok Nagar Police Station",G.  Krishnaswamy,7259571910 / 08022971535,12.965248698818,77.596963810547,Bengaluru
515,Tactical,118,Heavy Axe,2 Nos,KARNATAKA  STATE FIRE AND EMERGENCY  SERVICES (SOUTH FIRE  STATION),"KARNATAKA  STATE FIRE AND EMERGENCY  SERVICES (SOUTH FIRE  STATION). Residency Road, Near  Ashok Nagar Police Station",G.  Krishnaswamy,7259571910 / 08022971535,12.965248698818,77.596963810547,Bengaluru
516,Tactical,117,Sledge Hammer,2 Nos,KARNATAKA  STATE FIRE AND EMERGENCY  SERVICES (SOUTH FIRE  STATION),"KARNATAKA  STATE FIRE AND EMERGENCY  SERVICES (SOUTH FIRE  STATION). Residency Road, Near  Ashok Nagar Police Station",G.  Krishnaswamy,7259571910 / 08022971535,12.965248698818,77.596963810547,Bengaluru
517,Tactical,106,Chipping Hammer,2 Nos,KARNATAKA  STATE FIRE AND EMERGENCY  SERVICES (SOUTH FIRE  STATION),"KARNATAKA  STATE FIRE AND EMERGENCY  SERVICES (SOUTH FIRE  STATION). Residency Road, Near  Ashok Nagar Police Station",G.  Krishnaswamy,7259571910 / 08022971535,12.965248698818,77.596963810547,Bengaluru
519,Tactical,103,Bolt Cutters ( Shears ),1 Nos,Volvo Group India  Pvt Ltd,"Yalachahally,  Tavarekere Post, Hosakote  Bangalore-562122",Rajeev  Joglekar,9845976681 / 08066914000,13.132881,77.929621,Bengaluru
521,Tactical,369,Hand Gloves,100 Pair,Volvo Group India  Pvt Ltd,"Yalachahally,  Tavarekere Post, Hosakote  Bangalore-562122",Rajeev  Joglekar,9845976681 / 08066914000,13.132881,77.929621,Bengaluru
526,Tactical,440,Oxygen Therapy,1 Nos,Volvo Group India  Pvt Ltd,"Yalachahally,  Tavarekere Post, Hosakote  Bangalore-562122",Rajeev  Joglekar,9845976681 / 08066914000,13.132881,77.929621,Bengaluru
527,Tactical,438,Electro Conductive Gel,1 Nos,Volvo Group India  Pvt Ltd,"Yalachahally,  Tavarekere Post, Hosakote  Bangalore-562122",Rajeev  Joglekar,9845976681 / 08066914000,13.132881,77.929621,Bengaluru
529,Tactical,115,Jack With 5 Ton Lift,2 Nos,Volvo Group India  Pvt Ltd,"Yalachahally,  Tavarekere Post, Hosakote  Bangalore-562122",Rajeev  Joglekar,9845976681 / 08066914000,13.132881,77.929621,Bengaluru
530,Tactical,133,Blankets,02 Nos,Volvo Group India  Pvt Ltd,"Yalachahally,  Tavarekere Post, Hosakote  Bangalore-562122",Rajeev  Joglekar,9845976681 / 08066914000,13.132881,77.929621,Bengaluru
531,Tactical,140,Search Light,5 Nos,Volvo Group India  Pvt Ltd,"Yalachahally,  Tavarekere Post, Hosakote  Bangalore-562122",Rajeev  Joglekar,9845976681 / 08066914000,13.132881,77.929621,Bengaluru
532,Tactical,457,Isolation,1 Nos,Volvo Group India  Pvt Ltd,"Yalachahally,  Tavarekere Post, Hosakote  Bangalore-562122",Rajeev  Joglekar,9845976681 / 08066914000,13.132881,77.929621,Bengaluru
533,Tactical,458,Quarantine Wards,1 Nos,Volvo Group India  Pvt Ltd,"Yalachahally,  Tavarekere Post, Hosakote  Bangalore-562122",Rajeev  Joglekar,9845976681 / 08066914000,13.132881,77.929621,Bengaluru
534,Tactical,450,Ambulance With Oxygen Support And Other Critical Facilities,1 Nos,Volvo Group India  Pvt Ltd,"Yalachahally,  Tavarekere Post, Hosakote  Bangalore-562122",Rajeev  Joglekar,9845976681 / 08066914000,13.132881,77.929621,Bengaluru
537,Tactical,446,Ors,50 Nos,Volvo Group India  Pvt Ltd,"Yalachahally,  Tavarekere Post, Hosakote  Bangalore-562122",Rajeev  Joglekar,9845976681 / 08066914000,13.132881,77.929621,Bengaluru
538,Tactical,456,Trained Doctors And Nursing Staff For Covid,2 Persons,Volvo Group India  Pvt Ltd,"Yalachahally,  Tavarekere Post, Hosakote  Bangalore-562122",Rajeev  Joglekar,9845976681 / 08066914000,13.132881,77.929621,Bengaluru
539,Tactical,461,Wheel Chairs,2 Nos,Volvo Group India  Pvt Ltd,"Yalachahally,  Tavarekere Post, Hosakote  Bangalore-562122",Rajeev  Joglekar,9845976681 / 08066914000,13.132881,77.929621,Bengaluru
563,Tactical,411,Pulse Oximeter,2 Unit,HPCL Bengaluru  Terminal,"HPCL, Bangalore  Terminal, Nr Devangonthi Railway  Station",Rupak  Anand,9070079988 / 9070079988,12.9767463,77.5752782,Bengaluru
564,Tactical,467,Thermal Scanner,1 Unit,HPCL Bengaluru  Terminal,"HPCL, Bangalore  Terminal, Nr Devangonthi Railway  Station",Rupak  Anand,9070079988 / 9070079988,12.9767463,77.5752782,Bengaluru
565,Tactical,410,Thermometer,4 Unit,HPCL Bengaluru  Terminal,"HPCL, Bangalore  Terminal, Nr Devangonthi Railway  Station",Rupak  Anand,9070079988 / 9070079988,12.9767463,77.5752782,Bengaluru
566,Tactical,389,Gum Boots,4 Pair,HPCL Bengaluru  Terminal,"HPCL, Bangalore  Terminal, Nr Devangonthi Railway  Station",Rupak  Anand,9070079988 / 9070079988,12.9767463,77.5752782,Bengaluru
567,Tactical,370,Sanitizer Spray,3 Liter,HPCL Bengaluru  Terminal,"HPCL, Bangalore  Terminal, Nr Devangonthi Railway  Station",Rupak  Anand,9070079988 / 9070079988,12.9767463,77.5752782,Bengaluru
568,Tactical,368,Mask,100 Unit,HPCL Bengaluru  Terminal,"HPCL, Bangalore  Terminal, Nr Devangonthi Railway  Station",Rupak  Anand,9070079988 / 9070079988,12.9767463,77.5752782,Bengaluru
571,Tactical,150,Search And Rescue Teams For Collapsed Structures,3 Team,HPCL Bengaluru  Terminal,"HPCL, Bangalore  Terminal, Nr Devangonthi Railway  Station",Rupak  Anand,9070079988 / 9070079988,12.9767463,77.5752782,Bengaluru
574,Tactical,374,Driver Hmv,3 Persons,HPCL Bengaluru  Terminal,"HPCL, Bangalore  Terminal, Nr Devangonthi Railway  Station",Rupak  Anand,9070079988 / 9070079988,12.9767463,77.5752782,Bengaluru
575,Tactical,373,Driver Lmv,5 Persons,HPCL Bengaluru  Terminal,"HPCL, Bangalore  Terminal, Nr Devangonthi Railway  Station",Rupak  Anand,9070079988 / 9070079988,12.9767463,77.5752782,Bengaluru
576,Tactical,375,Labour,25 Persons,HPCL Bengaluru  Terminal,"HPCL, Bangalore  Terminal, Nr Devangonthi Railway  Station",Rupak  Anand,9070079988 / 9070079988,12.9767463,77.5752782,Bengaluru
588,Tactical,140,Search Light,2 Unit,HPCL Bengaluru  Terminal,"HPCL, Bangalore  Terminal, Nr Devangonthi Railway  Station",Rupak  Anand,9070079988 / 9070079988,12.9767463,77.5752782,Bengaluru
589,Tactical,140,Search Light,2 Unit,HPCL Bengaluru  Terminal,"HPCL, Bangalore  Terminal, Nr Devangonthi Railway  Station",Rupak  Anand,9070079988 / 9070079988,12.9767463,77.5752782,Bengaluru
590,Tactical,360,Hose/Hose Fitting,10 Unit,HPCL Bengaluru  Terminal,"HPCL, Bangalore  Terminal, Nr Devangonthi Railway  Station",Rupak  Anand,9070079988 / 9070079988,12.9767463,77.5752782,Bengaluru
591,Tactical,358,Bucket,5 Unit,HPCL Bengaluru  Terminal,"HPCL, Bangalore  Terminal, Nr Devangonthi Railway  Station",Rupak  Anand,9070079988 / 9070079988,12.9767463,77.5752782,Bengaluru
592,Tactical,356,B.A.Set,1 Sets,HPCL Bengaluru  Terminal,"HPCL, Bangalore  Terminal, Nr Devangonthi Railway  Station",Rupak  Anand,9070079988 / 9070079988,12.9767463,77.5752782,Bengaluru
593,Tactical,343,Public Address System,1 Unit,HPCL Bengaluru  Terminal,"HPCL, Bangalore  Terminal, Nr Devangonthi Railway  Station",Rupak  Anand,9070079988 / 9070079988,12.9767463,77.5752782,Bengaluru
594,Tactical,102,Cold Cutters,2 Unit,HPCL Bengaluru  Terminal,"HPCL, Bangalore  Terminal, Nr Devangonthi Railway  Station",Rupak  Anand,9070079988 / 9070079988,12.9767463,77.5752782,Bengaluru
595,Tactical,334,Helmet,10 Unit,HPCL Bengaluru  Terminal,"HPCL, Bangalore  Terminal, Nr Devangonthi Railway  Station",Rupak  Anand,9070079988 / 9070079988,12.9767463,77.5752782,Bengaluru
596,Tactical,137,Soaking Kit,1 Unit,HPCL Bengaluru  Terminal,"HPCL, Bangalore  Terminal, Nr Devangonthi Railway  Station",Rupak  Anand,9070079988 / 9070079988,12.9767463,77.5752782,Bengaluru
597,Tactical,131,Slotted Screwdrivers,2 Unit,HPCL Bengaluru  Terminal,"HPCL, Bangalore  Terminal, Nr Devangonthi Railway  Station",Rupak  Anand,9070079988 / 9070079988,12.9767463,77.5752782,Bengaluru
598,Tactical,124,"Gloves Rubber, Tested Up To 25, 000 Volt",3 Pair,HPCL Bengaluru  Terminal,"HPCL, Bangalore  Terminal, Nr Devangonthi Railway  Station",Rupak  Anand,9070079988 / 9070079988,12.9767463,77.5752782,Bengaluru
599,Tactical,118,Heavy Axe,1 Unit,HPCL Bengaluru  Terminal,"HPCL, Bangalore  Terminal, Nr Devangonthi Railway  Station",Rupak  Anand,9070079988 / 9070079988,12.9767463,77.5752782,Bengaluru
600,Tactical,117,Sledge Hammer,1 Unit,HPCL Bengaluru  Terminal,"HPCL, Bangalore  Terminal, Nr Devangonthi Railway  Station",Rupak  Anand,9070079988 / 9070079988,12.9767463,77.5752782,Bengaluru
601,Tactical,104,Electric Drill,1 Unit,HPCL Bengaluru  Terminal,"HPCL, Bangalore  Terminal, Nr Devangonthi Railway  Station",Rupak  Anand,9070079988 / 9070079988,12.9767463,77.5752782,Bengaluru
602,Tactical,355,Steel Cutter/Grinder,1 Unit,HPCL Bengaluru  Terminal,"HPCL, Bangalore  Terminal, Nr Devangonthi Railway  Station",Rupak  Anand,9070079988 / 9070079988,12.9767463,77.5752782,Bengaluru
603,Tactical,101,Gas Cutters,1 Unit,HPCL Bengaluru  Terminal,"HPCL, Bangalore  Terminal, Nr Devangonthi Railway  Station",Rupak  Anand,9070079988 / 9070079988,12.9767463,77.5752782,Bengaluru
604,Tactical,358,Bucket,8 Nos,INDOGAS,"BOTTLING PLANT  SY NO. 49/2, JAKKANAHALLI  VILLAGE AND POST,  NELAMANGALA TALUK,  BANGALORE RURAL DIST",DINAKAR  RAO KULAKARNI,9844522993 / 23382258,13.161347,77.459272,Bengaluru
605,Tactical,406,Gloves,10 Nos,ANEKAL FIRE  STATION,ANEKAL FIRE  STATION C D HOSAKOTE  ROAD ANEKAL BANGALORE -  562 106,S  MUNIRAJAIAH,9538399654 / 0,12.923772734258,77.796344293169,Bengaluru
606,Tactical,389,Gum Boots,19 Nos,ANEKAL FIRE  STATION,ANEKAL FIRE  STATION C D HOSAKOTE  ROAD ANEKAL BANGALORE -  562 106,S  MUNIRAJAIAH,9538399654 / 0,12.923772734258,77.796344293169,Bengaluru
607,Tactical,383,Goggles,10 Nos,ANEKAL FIRE  STATION,ANEKAL FIRE  STATION C D HOSAKOTE  ROAD ANEKAL BANGALORE -  562 106,S  MUNIRAJAIAH,9538399654 / 0,12.923772734258,77.796344293169,Bengaluru
608,Tactical,369,Hand Gloves,20 Nos,ANEKAL FIRE  STATION,ANEKAL FIRE  STATION C D HOSAKOTE  ROAD ANEKAL BANGALORE -  562 106,S  MUNIRAJAIAH,9538399654 / 0,12.923772734258,77.796344293169,Bengaluru
609,Tactical,322,Traffic Cones,5 Nos,ANEKAL FIRE  STATION,ANEKAL FIRE  STATION C D HOSAKOTE  ROAD ANEKAL BANGALORE -  562 106,S  MUNIRAJAIAH,9538399654 / 0,12.923772734258,77.796344293169,Bengaluru
610,Tactical,291,Containers Of Afff,20 Nos,ANEKAL FIRE  STATION,ANEKAL FIRE  STATION C D HOSAKOTE  ROAD ANEKAL BANGALORE -  562 106,S  MUNIRAJAIAH,9538399654 / 0,12.923772734258,77.796344293169,Bengaluru
621,Tactical,156,Life Jackets,6 Nos,ANEKAL FIRE  STATION,ANEKAL FIRE  STATION C D HOSAKOTE  ROAD ANEKAL BANGALORE -  562 106,S  MUNIRAJAIAH,9538399654 / 0,12.923772734258,77.796344293169,Bengaluru
622,Tactical,155,Lifebuoy,6 Nos,ANEKAL FIRE  STATION,ANEKAL FIRE  STATION C D HOSAKOTE  ROAD ANEKAL BANGALORE -  562 106,S  MUNIRAJAIAH,9538399654 / 0,12.923772734258,77.796344293169,Bengaluru
623,Tactical,360,Hose/Hose Fitting,96 Nos,ANEKAL FIRE  STATION,ANEKAL FIRE  STATION C D HOSAKOTE  ROAD ANEKAL BANGALORE -  562 106,S  MUNIRAJAIAH,9538399654 / 0,12.923772734258,77.796344293169,Bengaluru
624,Tactical,357,Rope,5 Nos,ANEKAL FIRE  STATION,ANEKAL FIRE  STATION C D HOSAKOTE  ROAD ANEKAL BANGALORE -  562 106,S  MUNIRAJAIAH,9538399654 / 0,12.923772734258,77.796344293169,Bengaluru
625,Tactical,356,B.A.Set,3 Nos,ANEKAL FIRE  STATION,ANEKAL FIRE  STATION C D HOSAKOTE  ROAD ANEKAL BANGALORE -  562 106,S  MUNIRAJAIAH,9538399654 / 0,12.923772734258,77.796344293169,Bengaluru
626,Tactical,337,Axe,1 Nos,ANEKAL FIRE  STATION,ANEKAL FIRE  STATION C D HOSAKOTE  ROAD ANEKAL BANGALORE -  562 106,S  MUNIRAJAIAH,9538399654 / 0,12.923772734258,77.796344293169,Bengaluru
627,Tactical,336,Pick Axe,1 Nos,ANEKAL FIRE  STATION,ANEKAL FIRE  STATION C D HOSAKOTE  ROAD ANEKAL BANGALORE -  562 106,S  MUNIRAJAIAH,9538399654 / 0,12.923772734258,77.796344293169,Bengaluru
628,Tactical,335,Basket,3 Nos,ANEKAL FIRE  STATION,ANEKAL FIRE  STATION C D HOSAKOTE  ROAD ANEKAL BANGALORE -  562 106,S  MUNIRAJAIAH,9538399654 / 0,12.923772734258,77.796344293169,Bengaluru
629,Tactical,334,Helmet,17 Nos,ANEKAL FIRE  STATION,ANEKAL FIRE  STATION C D HOSAKOTE  ROAD ANEKAL BANGALORE -  562 106,S  MUNIRAJAIAH,9538399654 / 0,12.923772734258,77.796344293169,Bengaluru
630,Tactical,332,Crow Bar,2 Nos,ANEKAL FIRE  STATION,ANEKAL FIRE  STATION C D HOSAKOTE  ROAD ANEKAL BANGALORE -  562 106,S  MUNIRAJAIAH,9538399654 / 0,12.923772734258,77.796344293169,Bengaluru
631,Tactical,330,Shovel,1 Nos,ANEKAL FIRE  STATION,ANEKAL FIRE  STATION C D HOSAKOTE  ROAD ANEKAL BANGALORE -  562 106,S  MUNIRAJAIAH,9538399654 / 0,12.923772734258,77.796344293169,Bengaluru
632,Tactical,118,Heavy Axe,1 Nos,ANEKAL FIRE  STATION,ANEKAL FIRE  STATION C D HOSAKOTE  ROAD ANEKAL BANGALORE -  562 106,S  MUNIRAJAIAH,9538399654 / 0,12.923772734258,77.796344293169,Bengaluru
633,Tactical,117,Sledge Hammer,1 Nos,ANEKAL FIRE  STATION,ANEKAL FIRE  STATION C D HOSAKOTE  ROAD ANEKAL BANGALORE -  562 106,S  MUNIRAJAIAH,9538399654 / 0,12.923772734258,77.796344293169,Bengaluru
634,Tactical,112,Spreaders Hydraulic,1 Nos,ANEKAL FIRE  STATION,ANEKAL FIRE  STATION C D HOSAKOTE  ROAD ANEKAL BANGALORE -  562 106,S  MUNIRAJAIAH,9538399654 / 0,12.923772734258,77.796344293169,Bengaluru
635,Tactical,389,Gum Boots,42 Nos,ELECTRONIC  CITY FIRE STATION,ELECTRONIC  CITY FIRE STATION  ELECTRONIC CITY PACE 01  NEAR BESCOM BANGALORE,S  MANJUNATH,9964704320 / 0802297157,12.835521,77.662558,Bengaluru
636,Tactical,376,Ppe Kit,42 Nos,ELECTRONIC  CITY FIRE STATION,ELECTRONIC  CITY FIRE STATION  ELECTRONIC CITY PACE 01  NEAR BESCOM BANGALORE,S  MANJUNATH,9964704320 / 0802297157,12.835521,77.662558,Bengaluru
637,Tactical,322,Traffic Cones,7 Nos,ELECTRONIC  CITY FIRE STATION,ELECTRONIC  CITY FIRE STATION  ELECTRONIC CITY PACE 01  NEAR BESCOM BANGALORE,S  MANJUNATH,9964704320 / 0802297157,12.835521,77.662558,Bengaluru
638,Tactical,291,Containers Of Afff,20 Nos,ELECTRONIC  CITY FIRE STATION,ELECTRONIC  CITY FIRE STATION  ELECTRONIC CITY PACE 01  NEAR BESCOM BANGALORE,S  MANJUNATH,9964704320 / 0802297157,12.835521,77.662558,Bengaluru
657,Tactical,159,Inflatable Boat (12 Persons),3 Nos,ELECTRONIC  CITY FIRE STATION,ELECTRONIC  CITY FIRE STATION  ELECTRONIC CITY PACE 01  NEAR BESCOM BANGALORE,S  MANJUNATH,9964704320 / 0802297157,12.835521,77.662558,Bengaluru
658,Tactical,156,Life Jackets,10 Nos,ELECTRONIC  CITY FIRE STATION,ELECTRONIC  CITY FIRE STATION  ELECTRONIC CITY PACE 01  NEAR BESCOM BANGALORE,S  MANJUNATH,9964704320 / 0802297157,12.835521,77.662558,Bengaluru
659,Tactical,155,Lifebuoy,10 Nos,ELECTRONIC  CITY FIRE STATION,ELECTRONIC  CITY FIRE STATION  ELECTRONIC CITY PACE 01  NEAR BESCOM BANGALORE,S  MANJUNATH,9964704320 / 0802297157,12.835521,77.662558,Bengaluru
660,Tactical,346,Telescopic Pneumatic Mast (Light),1 Nos,ELECTRONIC  CITY FIRE STATION,ELECTRONIC  CITY FIRE STATION  ELECTRONIC CITY PACE 01  NEAR BESCOM BANGALORE,S  MANJUNATH,9964704320 / 0802297157,12.835521,77.662558,Bengaluru
661,Tactical,344,Electric Torch,2 Nos,ELECTRONIC  CITY FIRE STATION,ELECTRONIC  CITY FIRE STATION  ELECTRONIC CITY PACE 01  NEAR BESCOM BANGALORE,S  MANJUNATH,9964704320 / 0802297157,12.835521,77.662558,Bengaluru
662,Tactical,140,Search Light,4 Nos,ELECTRONIC  CITY FIRE STATION,ELECTRONIC  CITY FIRE STATION  ELECTRONIC CITY PACE 01  NEAR BESCOM BANGALORE,S  MANJUNATH,9964704320 / 0802297157,12.835521,77.662558,Bengaluru
663,Tactical,357,Rope,1 Nos,ELECTRONIC  CITY FIRE STATION,ELECTRONIC  CITY FIRE STATION  ELECTRONIC CITY PACE 01  NEAR BESCOM BANGALORE,S  MANJUNATH,9964704320 / 0802297157,12.835521,77.662558,Bengaluru
664,Tactical,356,B.A.Set,4 Nos,ELECTRONIC  CITY FIRE STATION,ELECTRONIC  CITY FIRE STATION  ELECTRONIC CITY PACE 01  NEAR BESCOM BANGALORE,S  MANJUNATH,9964704320 / 0802297157,12.835521,77.662558,Bengaluru
665,Tactical,341,Ceiling Hook,1 Nos,ELECTRONIC  CITY FIRE STATION,ELECTRONIC  CITY FIRE STATION  ELECTRONIC CITY PACE 01  NEAR BESCOM BANGALORE,S  MANJUNATH,9964704320 / 0802297157,12.835521,77.662558,Bengaluru
666,Tactical,337,Axe,1 Nos,ELECTRONIC  CITY FIRE STATION,ELECTRONIC  CITY FIRE STATION  ELECTRONIC CITY PACE 01  NEAR BESCOM BANGALORE,S  MANJUNATH,9964704320 / 0802297157,12.835521,77.662558,Bengaluru
667,Tactical,336,Pick Axe,1 Nos,ELECTRONIC  CITY FIRE STATION,ELECTRONIC  CITY FIRE STATION  ELECTRONIC CITY PACE 01  NEAR BESCOM BANGALORE,S  MANJUNATH,9964704320 / 0802297157,12.835521,77.662558,Bengaluru
668,Tactical,332,Crow Bar,2 Nos,ELECTRONIC  CITY FIRE STATION,ELECTRONIC  CITY FIRE STATION  ELECTRONIC CITY PACE 01  NEAR BESCOM BANGALORE,S  MANJUNATH,9964704320 / 0802297157,12.835521,77.662558,Bengaluru
669,Tactical,331,Spade,2 Nos,ELECTRONIC  CITY FIRE STATION,ELECTRONIC  CITY FIRE STATION  ELECTRONIC CITY PACE 01  NEAR BESCOM BANGALORE,S  MANJUNATH,9964704320 / 0802297157,12.835521,77.662558,Bengaluru
670,Tactical,330,Shovel,1 Nos,ELECTRONIC  CITY FIRE STATION,ELECTRONIC  CITY FIRE STATION  ELECTRONIC CITY PACE 01  NEAR BESCOM BANGALORE,S  MANJUNATH,9964704320 / 0802297157,12.835521,77.662558,Bengaluru
671,Tactical,123,Set Of Rope Tackle ( 3 Sheave 2 Sheave),1 Nos,ELECTRONIC  CITY FIRE STATION,ELECTRONIC  CITY FIRE STATION  ELECTRONIC CITY PACE 01  NEAR BESCOM BANGALORE,S  MANJUNATH,9964704320 / 0802297157,12.835521,77.662558,Bengaluru
672,Tactical,122,Smoke Blower And Exhauster,1 Nos,ELECTRONIC  CITY FIRE STATION,ELECTRONIC  CITY FIRE STATION  ELECTRONIC CITY PACE 01  NEAR BESCOM BANGALORE,S  MANJUNATH,9964704320 / 0802297157,12.835521,77.662558,Bengaluru
673,Tactical,118,Heavy Axe,1 Nos,ELECTRONIC  CITY FIRE STATION,ELECTRONIC  CITY FIRE STATION  ELECTRONIC CITY PACE 01  NEAR BESCOM BANGALORE,S  MANJUNATH,9964704320 / 0802297157,12.835521,77.662558,Bengaluru
674,Tactical,117,Sledge Hammer,1 Nos,ELECTRONIC  CITY FIRE STATION,ELECTRONIC  CITY FIRE STATION  ELECTRONIC CITY PACE 01  NEAR BESCOM BANGALORE,S  MANJUNATH,9964704320 / 0802297157,12.835521,77.662558,Bengaluru
675,Tactical,115,Jack With 5 Ton Lift,1 Nos,ELECTRONIC  CITY FIRE STATION,ELECTRONIC  CITY FIRE STATION  ELECTRONIC CITY PACE 01  NEAR BESCOM BANGALORE,S  MANJUNATH,9964704320 / 0802297157,12.835521,77.662558,Bengaluru
676,Tactical,114,Air Lifting Bags (Different Capacity)/Tools,2 Nos,ELECTRONIC  CITY FIRE STATION,ELECTRONIC  CITY FIRE STATION  ELECTRONIC CITY PACE 01  NEAR BESCOM BANGALORE,S  MANJUNATH,9964704320 / 0802297157,12.835521,77.662558,Bengaluru
677,Tactical,113,Spreaders Battery,1 Nos,ELECTRONIC  CITY FIRE STATION,ELECTRONIC  CITY FIRE STATION  ELECTRONIC CITY PACE 01  NEAR BESCOM BANGALORE,S  MANJUNATH,9964704320 / 0802297157,12.835521,77.662558,Bengaluru
678,Tactical,112,Spreaders Hydraulic,1 Nos,ELECTRONIC  CITY FIRE STATION,ELECTRONIC  CITY FIRE STATION  ELECTRONIC CITY PACE 01  NEAR BESCOM BANGALORE,S  MANJUNATH,9964704320 / 0802297157,12.835521,77.662558,Bengaluru
679,Tactical,106,Chipping Hammer,1 Nos,ELECTRONIC  CITY FIRE STATION,ELECTRONIC  CITY FIRE STATION  ELECTRONIC CITY PACE 01  NEAR BESCOM BANGALORE,S  MANJUNATH,9964704320 / 0802297157,12.835521,77.662558,Bengaluru
680,Tactical,110,Cutters Hydraulic,2 Nos,ELECTRONIC  CITY FIRE STATION,ELECTRONIC  CITY FIRE STATION  ELECTRONIC CITY PACE 01  NEAR BESCOM BANGALORE,S  MANJUNATH,9964704320 / 0802297157,12.835521,77.662558,Bengaluru
681,Tactical,103,Bolt Cutters ( Shears ),2 Nos,ELECTRONIC  CITY FIRE STATION,ELECTRONIC  CITY FIRE STATION  ELECTRONIC CITY PACE 01  NEAR BESCOM BANGALORE,S  MANJUNATH,9964704320 / 0802297157,12.835521,77.662558,Bengaluru
682,Tactical,108,Chain Saw Bullet,1 Nos,SARJAPUR ROAD  FIRE STATION,"Kaigondanahalli,  Sarjapura Road, Bengaluru",SAMPATH  RAJ,9535274380 / 08025746166,12.9166379,77.6737526,Bengaluru
683,Tactical,117,Sledge Hammer,2 Nos,SARJAPUR ROAD  FIRE STATION,"Kaigondanahalli,  Sarjapura Road, Bengaluru",SAMPATH  RAJ,9535274380 / 08025746166,12.9166379,77.6737526,Bengaluru
688,Tactical,291,Containers Of Afff,20 Nos,SARJAPUR ROAD  FIRE STATION,"Kaigondanahalli,  Sarjapura Road, Bengaluru",SAMPATH  RAJ,9535274380 / 08025746166,12.9166379,77.6737526,Bengaluru
689,Tactical,389,Gum Boots,4 Nos,SARJAPUR ROAD  FIRE STATION,"Kaigondanahalli,  Sarjapura Road, Bengaluru",SAMPATH  RAJ,9535274380 / 08025746166,12.9166379,77.6737526,Bengaluru
698,Tactical,156,Life Jackets,6 Nos,SARJAPUR ROAD  FIRE STATION,"Kaigondanahalli,  Sarjapura Road, Bengaluru",SAMPATH  RAJ,9535274380 / 08025746166,12.9166379,77.6737526,Bengaluru
699,Tactical,155,Lifebuoy,6 Nos,SARJAPUR ROAD  FIRE STATION,"Kaigondanahalli,  Sarjapura Road, Bengaluru",SAMPATH  RAJ,9535274380 / 08025746166,12.9166379,77.6737526,Bengaluru
700,Tactical,140,Search Light,1 Nos,SARJAPUR ROAD  FIRE STATION,"Kaigondanahalli,  Sarjapura Road, Bengaluru",SAMPATH  RAJ,9535274380 / 08025746166,12.9166379,77.6737526,Bengaluru
701,Tactical,357,Rope,2 Nos,SARJAPUR ROAD  FIRE STATION,"Kaigondanahalli,  Sarjapura Road, Bengaluru",SAMPATH  RAJ,9535274380 / 08025746166,12.9166379,77.6737526,Bengaluru
702,Tactical,336,Pick Axe,2 Nos,SARJAPUR ROAD  FIRE STATION,"Kaigondanahalli,  Sarjapura Road, Bengaluru",SAMPATH  RAJ,9535274380 / 08025746166,12.9166379,77.6737526,Bengaluru
703,Tactical,337,Axe,2 Nos,SARJAPUR ROAD  FIRE STATION,"Kaigondanahalli,  Sarjapura Road, Bengaluru",SAMPATH  RAJ,9535274380 / 08025746166,12.9166379,77.6737526,Bengaluru
704,Tactical,356,B.A.Set,3 Nos,SARJAPUR ROAD  FIRE STATION,"Kaigondanahalli,  Sarjapura Road, Bengaluru",SAMPATH  RAJ,9535274380 / 08025746166,12.9166379,77.6737526,Bengaluru
705,Tactical,334,Helmet,4 Nos,SARJAPUR ROAD  FIRE STATION,"Kaigondanahalli,  Sarjapura Road, Bengaluru",SAMPATH  RAJ,9535274380 / 08025746166,12.9166379,77.6737526,Bengaluru
706,Tactical,332,Crow Bar,2 Nos,SARJAPUR ROAD  FIRE STATION,"Kaigondanahalli,  Sarjapura Road, Bengaluru",SAMPATH  RAJ,9535274380 / 08025746166,12.9166379,77.6737526,Bengaluru
707,Tactical,330,Shovel,2 Nos,SARJAPUR ROAD  FIRE STATION,"Kaigondanahalli,  Sarjapura Road, Bengaluru",SAMPATH  RAJ,9535274380 / 08025746166,12.9166379,77.6737526,Bengaluru
708,Tactical,112,Spreaders Hydraulic,1 Nos,SARJAPUR ROAD  FIRE STATION,"Kaigondanahalli,  Sarjapura Road, Bengaluru",SAMPATH  RAJ,9535274380 / 08025746166,12.9166379,77.6737526,Bengaluru
709,Tactical,110,Cutters Hydraulic,1 Nos,SARJAPUR ROAD  FIRE STATION,"Kaigondanahalli,  Sarjapura Road, Bengaluru",SAMPATH  RAJ,9535274380 / 08025746166,12.9166379,77.6737526,Bengaluru
710,Tactical,103,Bolt Cutters ( Shears ),01 Nos,SARJAPUR ROAD  FIRE STATION,"Kaigondanahalli,  Sarjapura Road, Bengaluru",SAMPATH  RAJ,9535274380 / 08025746166,12.9166379,77.6737526,Bengaluru
711,Tactical,369,Hand Gloves,6 Nos,DAIRY CIRCLE  FIRE STATION,NEAR DAIRY  CIRCLE BANNERUGHATTA  ROAD BANGALORE,KRISHNASHETTI,9945623379 / 0,12.8416215,77.6472945,Bengaluru
712,Tactical,374,Driver Hmv,10 Nos,DAIRY CIRCLE  FIRE STATION,NEAR DAIRY  CIRCLE BANNERUGHATTA  ROAD BANGALORE,KRISHNASHETTI,9945623379 / 0,12.8416215,77.6472945,Bengaluru
713,Tactical,373,Driver Lmv,10 Nos,DAIRY CIRCLE  FIRE STATION,NEAR DAIRY  CIRCLE BANNERUGHATTA  ROAD BANGALORE,KRISHNASHETTI,9945623379 / 0,12.8416215,77.6472945,Bengaluru
714,Tactical,322,Traffic Cones,4 Nos,DAIRY CIRCLE  FIRE STATION,NEAR DAIRY  CIRCLE BANNERUGHATTA  ROAD BANGALORE,KRISHNASHETTI,9945623379 / 0,12.8416215,77.6472945,Bengaluru
715,Tactical,291,Containers Of Afff,20 Nos,DAIRY CIRCLE  FIRE STATION,NEAR DAIRY  CIRCLE BANNERUGHATTA  ROAD BANGALORE,KRISHNASHETTI,9945623379 / 0,12.8416215,77.6472945,Bengaluru
735,Tactical,159,Inflatable Boat (12 Persons),3 Nos,DAIRY CIRCLE  FIRE STATION,NEAR DAIRY  CIRCLE BANNERUGHATTA  ROAD BANGALORE,KRISHNASHETTI,9945623379 / 0,12.8416215,77.6472945,Bengaluru
736,Tactical,156,Life Jackets,30 Nos,DAIRY CIRCLE  FIRE STATION,NEAR DAIRY  CIRCLE BANNERUGHATTA  ROAD BANGALORE,KRISHNASHETTI,9945623379 / 0,12.8416215,77.6472945,Bengaluru
737,Tactical,141,Electric Generator (10 Kv),1 Nos,DAIRY CIRCLE  FIRE STATION,NEAR DAIRY  CIRCLE BANNERUGHATTA  ROAD BANGALORE,KRISHNASHETTI,9945623379 / 0,12.8416215,77.6472945,Bengaluru
738,Tactical,358,Bucket,2 Nos,DAIRY CIRCLE  FIRE STATION,NEAR DAIRY  CIRCLE BANNERUGHATTA  ROAD BANGALORE,KRISHNASHETTI,9945623379 / 0,12.8416215,77.6472945,Bengaluru
739,Tactical,341,Ceiling Hook,1 Nos,DAIRY CIRCLE  FIRE STATION,NEAR DAIRY  CIRCLE BANNERUGHATTA  ROAD BANGALORE,KRISHNASHETTI,9945623379 / 0,12.8416215,77.6472945,Bengaluru
740,Tactical,338,Door Breaker,1 Nos,DAIRY CIRCLE  FIRE STATION,NEAR DAIRY  CIRCLE BANNERUGHATTA  ROAD BANGALORE,KRISHNASHETTI,9945623379 / 0,12.8416215,77.6472945,Bengaluru
741,Tactical,331,Spade,1 Nos,DAIRY CIRCLE  FIRE STATION,NEAR DAIRY  CIRCLE BANNERUGHATTA  ROAD BANGALORE,KRISHNASHETTI,9945623379 / 0,12.8416215,77.6472945,Bengaluru
742,Tactical,337,Axe,1 Nos,DAIRY CIRCLE  FIRE STATION,NEAR DAIRY  CIRCLE BANNERUGHATTA  ROAD BANGALORE,KRISHNASHETTI,9945623379 / 0,12.8416215,77.6472945,Bengaluru
743,Tactical,336,Pick Axe,1 Nos,DAIRY CIRCLE  FIRE STATION,NEAR DAIRY  CIRCLE BANNERUGHATTA  ROAD BANGALORE,KRISHNASHETTI,9945623379 / 0,12.8416215,77.6472945,Bengaluru
744,Tactical,334,Helmet,30 Nos,DAIRY CIRCLE  FIRE STATION,NEAR DAIRY  CIRCLE BANNERUGHATTA  ROAD BANGALORE,KRISHNASHETTI,9945623379 / 0,12.8416215,77.6472945,Bengaluru
745,Tactical,155,Lifebuoy,6 Nos,DAIRY CIRCLE  FIRE STATION,NEAR DAIRY  CIRCLE BANNERUGHATTA  ROAD BANGALORE,KRISHNASHETTI,9945623379 / 0,12.8416215,77.6472945,Bengaluru
746,Tactical,140,Search Light,1 Nos,DAIRY CIRCLE  FIRE STATION,NEAR DAIRY  CIRCLE BANNERUGHATTA  ROAD BANGALORE,KRISHNASHETTI,9945623379 / 0,12.8416215,77.6472945,Bengaluru
747,Tactical,357,Rope,2 Nos,DAIRY CIRCLE  FIRE STATION,NEAR DAIRY  CIRCLE BANNERUGHATTA  ROAD BANGALORE,KRISHNASHETTI,9945623379 / 0,12.8416215,77.6472945,Bengaluru
748,Tactical,356,B.A.Set,3 Nos,DAIRY CIRCLE  FIRE STATION,NEAR DAIRY  CIRCLE BANNERUGHATTA  ROAD BANGALORE,KRISHNASHETTI,9945623379 / 0,12.8416215,77.6472945,Bengaluru
749,Tactical,332,Crow Bar,2 Nos,DAIRY CIRCLE  FIRE STATION,NEAR DAIRY  CIRCLE BANNERUGHATTA  ROAD BANGALORE,KRISHNASHETTI,9945623379 / 0,12.8416215,77.6472945,Bengaluru
750,Tactical,330,Shovel,2 Nos,DAIRY CIRCLE  FIRE STATION,NEAR DAIRY  CIRCLE BANNERUGHATTA  ROAD BANGALORE,KRISHNASHETTI,9945623379 / 0,12.8416215,77.6472945,Bengaluru
751,Tactical,130,Crescent/Adjustable Wrenches,1 Nos,DAIRY CIRCLE  FIRE STATION,NEAR DAIRY  CIRCLE BANNERUGHATTA  ROAD BANGALORE,KRISHNASHETTI,9945623379 / 0,12.8416215,77.6472945,Bengaluru
752,Tactical,124,"Gloves Rubber, Tested Up To 25, 000 Volt",10 Nos,DAIRY CIRCLE  FIRE STATION,NEAR DAIRY  CIRCLE BANNERUGHATTA  ROAD BANGALORE,KRISHNASHETTI,9945623379 / 0,12.8416215,77.6472945,Bengaluru
753,Tactical,118,Heavy Axe,1 Nos,DAIRY CIRCLE  FIRE STATION,NEAR DAIRY  CIRCLE BANNERUGHATTA  ROAD BANGALORE,KRISHNASHETTI,9945623379 / 0,12.8416215,77.6472945,Bengaluru
754,Tactical,117,Sledge Hammer,1 Nos,DAIRY CIRCLE  FIRE STATION,NEAR DAIRY  CIRCLE BANNERUGHATTA  ROAD BANGALORE,KRISHNASHETTI,9945623379 / 0,12.8416215,77.6472945,Bengaluru
755,Tactical,112,Spreaders Hydraulic,1 Nos,DAIRY CIRCLE  FIRE STATION,NEAR DAIRY  CIRCLE BANNERUGHATTA  ROAD BANGALORE,KRISHNASHETTI,9945623379 / 0,12.8416215,77.6472945,Bengaluru
756,Tactical,107,Chain Saw Diamond,1 Nos,DAIRY CIRCLE  FIRE STATION,NEAR DAIRY  CIRCLE BANNERUGHATTA  ROAD BANGALORE,KRISHNASHETTI,9945623379 / 0,12.8416215,77.6472945,Bengaluru
757,Tactical,105,Circular Saw With Diamond Blade(Electric),1 Nos,DAIRY CIRCLE  FIRE STATION,NEAR DAIRY  CIRCLE BANNERUGHATTA  ROAD BANGALORE,KRISHNASHETTI,9945623379 / 0,12.8416215,77.6472945,Bengaluru
758,Tactical,104,Electric Drill,1 Nos,DAIRY CIRCLE  FIRE STATION,NEAR DAIRY  CIRCLE BANNERUGHATTA  ROAD BANGALORE,KRISHNASHETTI,9945623379 / 0,12.8416215,77.6472945,Bengaluru
759,Tactical,110,Cutters Hydraulic,1 Nos,DAIRY CIRCLE  FIRE STATION,NEAR DAIRY  CIRCLE BANNERUGHATTA  ROAD BANGALORE,KRISHNASHETTI,9945623379 / 0,12.8416215,77.6472945,Bengaluru
760,Tactical,103,Bolt Cutters ( Shears ),3 Nos,DAIRY CIRCLE  FIRE STATION,NEAR DAIRY  CIRCLE BANNERUGHATTA  ROAD BANGALORE,KRISHNASHETTI,9945623379 / 0,12.8416215,77.6472945,Bengaluru
761,Tactical,417,Digital Thermometer,1 Nos,KARNATAKA  STATE FIRE AND EMERGENCY  SERVICES(Hulimavu),"HULIMAVU FIRE  STATION Venugopalnagar,  Bannerughatta Main Road, Near  Royal Meenakshi Mall, Bengaluru-  560 076.",Mahantgouda Kurakalli,9108182873 / 08022971613,12.878337769511,77.597371239329,Bengaluru
762,Tactical,411,Pulse Oximeter,1 Nos,KARNATAKA  STATE FIRE AND EMERGENCY  SERVICES(Hulimavu),"HULIMAVU FIRE  STATION Venugopalnagar,  Bannerughatta Main Road, Near  Royal Meenakshi Mall, Bengaluru-  560 076.",Mahantgouda Kurakalli,9108182873 / 08022971613,12.878337769511,77.597371239329,Bengaluru
763,Tactical,374,Driver Hmv,6 Nos,KARNATAKA  STATE FIRE AND EMERGENCY  SERVICES(Hulimavu),"HULIMAVU FIRE  STATION Venugopalnagar,  Bannerughatta Main Road, Near  Royal Meenakshi Mall, Bengaluru-  560 076.",Mahantgouda Kurakalli,9108182873 / 08022971613,12.878337769511,77.597371239329,Bengaluru
764,Tactical,291,Containers Of Afff,25 Nos,KARNATAKA  STATE FIRE AND EMERGENCY  SERVICES(Hulimavu),"HULIMAVU FIRE  STATION Venugopalnagar,  Bannerughatta Main Road, Near  Royal Meenakshi Mall, Bengaluru-  560 076.",Mahantgouda Kurakalli,9108182873 / 08022971613,12.878337769511,77.597371239329,Bengaluru
770,Tactical,411,Pulse Oximeter,2 Nos,State Disaster  Response Force A Company,"SDRF A Company ,  RA Mundkur Fire And Emergency  Services Academy , Bannerghatta  Road, Bangalore",Ramesh R,9448787714 / 08029564020,12.931781,77.600312,Bengaluru
771,Tactical,403,Oxygen Concentrator,1 Nos,State Disaster  Response Force A Company,"SDRF A Company ,  RA Mundkur Fire And Emergency  Services Academy , Bannerghatta  Road, Bangalore",Ramesh R,9448787714 / 08029564020,12.931781,77.600312,Bengaluru
772,Tactical,390,Heavy Duty Gloves,4 Pair,State Disaster  Response Force A Company,"SDRF A Company ,  RA Mundkur Fire And Emergency  Services Academy , Bannerghatta  Road, Bangalore",Ramesh R,9448787714 / 08029564020,12.931781,77.600312,Bengaluru
773,Tactical,389,Gum Boots,69 Nos,State Disaster  Response Force A Company,"SDRF A Company ,  RA Mundkur Fire And Emergency  Services Academy , Bannerghatta  Road, Bangalore",Ramesh R,9448787714 / 08029564020,12.931781,77.600312,Bengaluru
774,Tactical,383,Goggles,12 Nos,State Disaster  Response Force A Company,"SDRF A Company ,  RA Mundkur Fire And Emergency  Services Academy , Bannerghatta  Road, Bangalore",Ramesh R,9448787714 / 08029564020,12.931781,77.600312,Bengaluru
775,Tactical,376,Ppe Kit,100 Nos,State Disaster  Response Force A Company,"SDRF A Company ,  RA Mundkur Fire And Emergency  Services Academy , Bannerghatta  Road, Bangalore",Ramesh R,9448787714 / 08029564020,12.931781,77.600312,Bengaluru
776,Tactical,468,Ex Army Personnel,9 Persons,State Disaster  Response Force A Company,"SDRF A Company ,  RA Mundkur Fire And Emergency  Services Academy , Bannerghatta  Road, Bangalore",Ramesh R,9448787714 / 08029564020,12.931781,77.600312,Bengaluru
777,Tactical,374,Driver Hmv,2 Nos,State Disaster  Response Force A Company,"SDRF A Company ,  RA Mundkur Fire And Emergency  Services Academy , Bannerghatta  Road, Bangalore",Ramesh R,9448787714 / 08029564020,12.931781,77.600312,Bengaluru
778,Tactical,373,Driver Lmv,1 Nos,State Disaster  Response Force A Company,"SDRF A Company ,  RA Mundkur Fire And Emergency  Services Academy , Bannerghatta  Road, Bangalore",Ramesh R,9448787714 / 08029564020,12.931781,77.600312,Bengaluru
780,Tactical,165,Search And Rescue Teams For Flood,30 Persons,State Disaster  Response Force A Company,"SDRF A Company ,  RA Mundkur Fire And Emergency  Services Academy , Bannerghatta  Road, Bangalore",Ramesh R,9448787714 / 08029564020,12.931781,77.600312,Bengaluru
781,Tactical,150,Search And Rescue Teams For Collapsed Structures,30 Persons,State Disaster  Response Force A Company,"SDRF A Company ,  RA Mundkur Fire And Emergency  Services Academy , Bannerghatta  Road, Bangalore",Ramesh R,9448787714 / 08029564020,12.931781,77.600312,Bengaluru
782,Tactical,466,Dg Sets,1 Nos,State Disaster  Response Force A Company,"SDRF A Company ,  RA Mundkur Fire And Emergency  Services Academy , Bannerghatta  Road, Bangalore",Ramesh R,9448787714 / 08029564020,12.931781,77.600312,Bengaluru
783,Tactical,314,Plastic Drums,6 Nos,State Disaster  Response Force A Company,"SDRF A Company ,  RA Mundkur Fire And Emergency  Services Academy , Bannerghatta  Road, Bangalore",Ramesh R,9448787714 / 08029564020,12.931781,77.600312,Bengaluru
784,Tactical,303,High Visibility Vest,122 Nos,State Disaster  Response Force A Company,"SDRF A Company ,  RA Mundkur Fire And Emergency  Services Academy , Bannerghatta  Road, Bangalore",Ramesh R,9448787714 / 08029564020,12.931781,77.600312,Bengaluru
785,Tactical,286,Nbc Face Mask,17 Nos,State Disaster  Response Force A Company,"SDRF A Company ,  RA Mundkur Fire And Emergency  Services Academy , Bannerghatta  Road, Bangalore",Ramesh R,9448787714 / 08029564020,12.931781,77.600312,Bengaluru
808,Tactical,160,Fiber Boat (12 Persons),4 Nos,State Disaster  Response Force A Company,"SDRF A Company ,  RA Mundkur Fire And Emergency  Services Academy , Bannerghatta  Road, Bangalore",Ramesh R,9448787714 / 08029564020,12.931781,77.600312,Bengaluru
809,Tactical,159,Inflatable Boat (12 Persons),3 Nos,State Disaster  Response Force A Company,"SDRF A Company ,  RA Mundkur Fire And Emergency  Services Academy , Bannerghatta  Road, Bangalore",Ramesh R,9448787714 / 08029564020,12.931781,77.600312,Bengaluru
810,Tactical,158,Pneumatic Rope Launcher,1 Nos,State Disaster  Response Force A Company,"SDRF A Company ,  RA Mundkur Fire And Emergency  Services Academy , Bannerghatta  Road, Bangalore",Ramesh R,9448787714 / 08029564020,12.931781,77.600312,Bengaluru
811,Tactical,156,Life Jackets,250 Nos,State Disaster  Response Force A Company,"SDRF A Company ,  RA Mundkur Fire And Emergency  Services Academy , Bannerghatta  Road, Bangalore",Ramesh R,9448787714 / 08029564020,12.931781,77.600312,Bengaluru
812,Tactical,155,Lifebuoy,204 Nos,State Disaster  Response Force A Company,"SDRF A Company ,  RA Mundkur Fire And Emergency  Services Academy , Bannerghatta  Road, Bangalore",Ramesh R,9448787714 / 08029564020,12.931781,77.600312,Bengaluru
813,Tactical,154,Under Water Ba Set,4 Nos,State Disaster  Response Force A Company,"SDRF A Company ,  RA Mundkur Fire And Emergency  Services Academy , Bannerghatta  Road, Bangalore",Ramesh R,9448787714 / 08029564020,12.931781,77.600312,Bengaluru
814,Tactical,153,Diving Suit,4 Nos,State Disaster  Response Force A Company,"SDRF A Company ,  RA Mundkur Fire And Emergency  Services Academy , Bannerghatta  Road, Bangalore",Ramesh R,9448787714 / 08029564020,12.931781,77.600312,Bengaluru
815,Tactical,344,Electric Torch,2 Nos,State Disaster  Response Force A Company,"SDRF A Company ,  RA Mundkur Fire And Emergency  Services Academy , Bannerghatta  Road, Bangalore",Ramesh R,9448787714 / 08029564020,12.931781,77.600312,Bengaluru
816,Tactical,141,Electric Generator (10 Kv),2 Nos,State Disaster  Response Force A Company,"SDRF A Company ,  RA Mundkur Fire And Emergency  Services Academy , Bannerghatta  Road, Bangalore",Ramesh R,9448787714 / 08029564020,12.931781,77.600312,Bengaluru
817,Tactical,140,Search Light,4 Nos,State Disaster  Response Force A Company,"SDRF A Company ,  RA Mundkur Fire And Emergency  Services Academy , Bannerghatta  Road, Bangalore",Ramesh R,9448787714 / 08029564020,12.931781,77.600312,Bengaluru
818,Tactical,357,Rope,9 Meter,State Disaster  Response Force A Company,"SDRF A Company ,  RA Mundkur Fire And Emergency  Services Academy , Bannerghatta  Road, Bangalore",Ramesh R,9448787714 / 08029564020,12.931781,77.600312,Bengaluru
819,Tactical,356,B.A.Set,12 Nos,State Disaster  Response Force A Company,"SDRF A Company ,  RA Mundkur Fire And Emergency  Services Academy , Bannerghatta  Road, Bangalore",Ramesh R,9448787714 / 08029564020,12.931781,77.600312,Bengaluru
820,Tactical,354,Hand Tool Set,1 Nos,State Disaster  Response Force A Company,"SDRF A Company ,  RA Mundkur Fire And Emergency  Services Academy , Bannerghatta  Road, Bangalore",Ramesh R,9448787714 / 08029564020,12.931781,77.600312,Bengaluru
821,Tactical,340,Knife Salvage,10 Nos,State Disaster  Response Force A Company,"SDRF A Company ,  RA Mundkur Fire And Emergency  Services Academy , Bannerghatta  Road, Bangalore",Ramesh R,9448787714 / 08029564020,12.931781,77.600312,Bengaluru
822,Tactical,339,Hacksaw,2 Nos,State Disaster  Response Force A Company,"SDRF A Company ,  RA Mundkur Fire And Emergency  Services Academy , Bannerghatta  Road, Bangalore",Ramesh R,9448787714 / 08029564020,12.931781,77.600312,Bengaluru
823,Tactical,336,Pick Axe,10 Nos,State Disaster  Response Force A Company,"SDRF A Company ,  RA Mundkur Fire And Emergency  Services Academy , Bannerghatta  Road, Bangalore",Ramesh R,9448787714 / 08029564020,12.931781,77.600312,Bengaluru
824,Tactical,334,Helmet,24 Nos,State Disaster  Response Force A Company,"SDRF A Company ,  RA Mundkur Fire And Emergency  Services Academy , Bannerghatta  Road, Bangalore",Ramesh R,9448787714 / 08029564020,12.931781,77.600312,Bengaluru
825,Tactical,332,Crow Bar,6 Nos,State Disaster  Response Force A Company,"SDRF A Company ,  RA Mundkur Fire And Emergency  Services Academy , Bannerghatta  Road, Bangalore",Ramesh R,9448787714 / 08029564020,12.931781,77.600312,Bengaluru
826,Tactical,331,Spade,12 Nos,State Disaster  Response Force A Company,"SDRF A Company ,  RA Mundkur Fire And Emergency  Services Academy , Bannerghatta  Road, Bangalore",Ramesh R,9448787714 / 08029564020,12.931781,77.600312,Bengaluru
827,Tactical,133,Blankets,8 Nos,State Disaster  Response Force A Company,"SDRF A Company ,  RA Mundkur Fire And Emergency  Services Academy , Bannerghatta  Road, Bangalore",Ramesh R,9448787714 / 08029564020,12.931781,77.600312,Bengaluru
828,Tactical,129,Glass Remover (Punch Mark),12 Nos,State Disaster  Response Force A Company,"SDRF A Company ,  RA Mundkur Fire And Emergency  Services Academy , Bannerghatta  Road, Bangalore",Ramesh R,9448787714 / 08029564020,12.931781,77.600312,Bengaluru
829,Tactical,128,Rescue Rams,2 Nos,State Disaster  Response Force A Company,"SDRF A Company ,  RA Mundkur Fire And Emergency  Services Academy , Bannerghatta  Road, Bangalore",Ramesh R,9448787714 / 08029564020,12.931781,77.600312,Bengaluru
